1,145,ANTIRETROVIRAUX,"INFECTIOLOGIE, PARASITOLOGIE",1
2,140,TRAITEMENTS DE FOND DES RHUMATISMES INFLAMMATOIRES,RHUMATOLOGIE,2
3,17,INSUFFISANCE CORONARIENNE AIGUE,CARDIOLOGIE,3
4,,,,4
5,25,CANCER DE LA PROSTATE,UROLOGIE - NEPHROLOGIE,5
6,102,ETATS DE DEPENDANCE,PSYCHIATRIE,6
7,155,ANTIDIABETIQUES ORAUX,DIABETE,7
8,81,ANTIHYPERTENSEUR,CARDIOLOGIE,8
8,81,INSUFFISANCE CORONARIENNE,CARDIOLOGIE,9
9,5,AINS,ANTI-INFLAMMATOIRES,10
9,5,AINS,RHUMATOLOGIE,11
10,38,PREVENTION CARDIOVASCULAIRE,CARDIOLOGIE,12
11,,,,13
12,,,,14
13,,TRAITEMENTS SPECIFIQUES,TOXICOLOGIE,15
13,,MUCOLYTIQUES,PNEUMOLOGIE,16
14,,,,17
15,,,,18
16,,,,19
17,,ANTIHERPETIQUES LOCAUX,DERMATOLOGIE,20
18,119,AUTRES PRODUITS DE DIAGNOSTIC,PRODUIT DE DIAGNOSTIC,21
19,111,PRODUITS RADIOPHARMACEUTIQUES,PRODUITS DE DIAGNOSTIC,22
19,196,PRODUITS RADIOPHARMACEUTIQUES,PRODUITS DE DIAGNOSTIC,23
20,4,ANTALGIQUES NON OPIOIDES,ANTALGIQUES - ANTIPYRETIQUES - ANTISPASMODIQUES,24
20,23,INSUFFISANCE CORONARIENNE AIGUE ,CARDIOLOGIE,25
20,23,PREVENTION CARDIOVASCULAIRE,CARDIOLOGIE,26
21,,,,27
22,85,OSTEOPOROSE,RHUMATOLOGIE,28
23,,,,29
24,,,,30
25,,ANTIACNEIQUES,DERMATOLOGIE,31
26,,PROTECTEURS CUTANES,DERMATOLOGIE,32
27,,,,33
28,,,,34
29,,,,35
30,,,,36
31,176,BETA LACTAMINES,INFECTIOLOGIE,37
32,,,,38
33,,,ALLERGOLOGIE,39
33,,ASTHME ET BRONCHOPNEUMOPATHIES CHRONIQUES,PNEUMOLOGIE,40
33,,RHINITE ALLERGIQUES,OTO-RHINO-LARYNGOLOGIE,41
34,111,PRODUITS RADIOPHARMACEUTIQUES,PRODUITS DE DIAGNOSTIC,42
34,129,PRODUITS RADIOPHARMACEUTIQUES,PRODUITS DE DIAGNOSTIC,43
35,,,,44
36,,,,45
37,,,,46
38,,,,47
39,,,,48
40,,ANTIBACTÉRIENS LOCAUX,DERMATOLOGIE,49
41,,,,50
42,,,,51
43,,,,52
44,85,OSTEOPOROSE,RHUMATOLOGIE,53
45,174,IMAGERIE PAR RESONANCE MAGNETIQUE,PRODUITS DE DIAGNOSTIC,54
45,175,IMAGERIE PAR RESONANCE MAGNETIQUE,PRODUITS DE DIAGNOSTIC,55
46,174,IMAGERIE PAR RESONANCE MAGNETIQUE,PRODUITS DE DIAGNOSTIC,56
47,,,,57
48,,,,58
49,93,KERATOLYTIQUES,DERMATOLOGIE,59
49,207,KERATOLYTIQUES,DERMATOLOGIE,60
50,4,ANTALGIQUES NON OPIOIDES,ANTALGIQUES - ANTIPYRETIQUES - ANTISPASMODIQUES,61
51,7,AINS,ANTI-INFLAMMATOIRES,62
51,7,AINS,RHUMATOLOGIE,63
52,,,,64
53,111,PRODUITS RADIOPHARMACEUTIQUES,PRODUITS DE DIAGNOSTIC,65
53,196,PRODUITS RADIOPHARMACEUTIQUES,PRODUITS DE DIAGNOSTIC,66
54,,,,67
55,,ANTIPHOTOSENSIBILISANTS,DERMATOLOGIE,68
56,55,ANTIMYCOBACTERIENS,ANTIINFECTIEUX A USAGE SYSTEMIQUE,69
57,,,,70
58,61,PRODUITS RADIOPHARMACEUTIQUES,PRODUITS DE DIAGNOSTIC,71
58,111,PRODUITS RADIOPHARMACEUTIQUES,PRODUITS DE DIAGNOSTIC,72
58,129,PRODUITS RADIOPHARMACEUTIQUES,PRODUITS DE DIAGNOSTIC,73
58,193,PRODUITS RADIOPHARMACEUTIQUES,PRODUITS DE DIAGNOSTIC,74
58,195,PRODUITS RADIOPHARMACEUTIQUES,PRODUITS DE DIAGNOSTIC,75
59,,,,76
60,85,MALADIE DE PAGET,RHUMATOLOGIE,77
60,85,OSTEOPOROSE,RHUMATOLOGIE,78
61,93,KERATOLYTIQUES,DERMATOLOGIE,79
61,207,KERATOLYTIQUES,DERMATOLOGIE,80
61,,ANTI INFLAMMATOIRES LOCAUX,OPHTALMOLOGIE,81
62,,,,82
63,,PROTECTEURS CUTANES,DERMATOLOGIE,83
64,,,,84
65,33,FORMES NASALES A VISEE ANTIBACTERIENNE ET OU ANTI INFLAMMATOIRE,OTO-RHINO-LARYNGOLOGIE,85
66,5,AINS,ANTI-INFLAMMATOIRES,86
66,5,AINS,RHUMATOLOGIE,87
67,,,,88
68,,,,89
69,,,,90
70,85,MALADIE DE PAGET,RHUMATOLOGIE,91
70,85,OSTEOPOROSE,RHUMATOLOGIE,92
,,,,93
,,,,94
73,161,KERATOLYTIQUES,DERMATOLOGIE,95
73,,PSORIASIS,DERMATOLOGIE,96
74,140,TRAITEMENTS DE FOND DES RHUMATISMES INFLAMMATOIRES,RHUMATOLOGIE,97
74,140,MALADIE DE VERNEUIL,DERMATOLOGIE,98
74,140,PSORIASIS,DERMATOLOGIE,99
75,,ANTIACNEIQUES,DERMATOLOGIE,100
76,,,,101
77,63,ANTIARYTHMIQUES,CARDIOLOGIE,102
77,126,AUTRES PRODUITS DE DIAGNOSTIC,PRODUIT DE DIAGNOSTIC,103
,192,INSUFFISANCE CARDIAQUE AIGUE,CARDIOLOGIE,104
,,,,105
80,,,,106
81,,,,107
82,1,AFFECTIONS RETINIENNES,OPHTALMOLOGIE,108
82,186,AFFECTIONS RETINIENNES,OPHTALMOLOGIE,109
83,,,,110
84,,,,111
85,66,ANTIDEPRESSEURS,PSYCHIATRIE,112
86,,,,113
87,,,,114
88,60,PRODUITS RADIOPHARMACEUTIQUES,PRODUITS DE DIAGNOSTIC,115
88,61,PRODUITS RADIOPHARMACEUTIQUES,PRODUITS DE DIAGNOSTIC,116
89,60,PRODUITS RADIOPHARMACEUTIQUES,PRODUITS DE DIAGNOSTIC,117
90,111,PRODUITS RADIOPHARMACEUTIQUES,PRODUITS DE DIAGNOSTIC,118
90,194,PRODUITS RADIOPHARMACEUTIQUES,PRODUITS DE DIAGNOSTIC,119
91,,,,120
92,,,,121
93,,,,122
94,11,ANTISEPTIQUES LOCAUX,DERMATOLOGIE,123
95,,,,124
96,11,ANTISEPTIQUES LOCAUX,DERMATOLOGIE,125
97,,,,126
98,,,,127
99,,SCLEROSE EN PLAQUES,NEUROLOGIE,128
100,124,PREPARATION ORO-BUCCALE ,OTO-RHINO-PHARYNGOLOGIE,129
101,,,,130
102,,,,131
103,9,HYPERTROPHIE BENIGNE DE LA PROSTATE,UROLOGIE-NEPHROLOGIE,132
104,,,,133
105,,,,134
106,46,HYPNOTIQUES,PSYCHIATRIE,135
107,135,PREVENTION CARDIOVASCULAIRE,CARDIOLOGIE,136
108,154,ANTIHYPERTENSEURS,CARDIOLOGIE,137
109,51,ANTINEOPLASIQUES,DERMATOLOGIE,138
109,161,KERATOLYTIQUES,DERMATOLOGIE,139
110,,,,140
111,,PROTECTEURS CUTANES,DERMATOLOGIE,141
112,148,MEDICAMENTS DE LA LITHIASE URINAIRE,UROLOGIE-NEPHROLOGIE,142
112,148,TRAITEMENT HYPO URICEMIANT,RHUMATOLOGIE,143
113,5,AINS,ANTI-INFLAMMATOIRES,144
113,5,AINS,RHUMATOLOGIE,145
114,,ANALEPTIQUES RESPIRATOIRES,PNEUMOLOGIE,146
115,,,,147
116,,,,148
117,,ALPHA1 ANTITRYPSINE HUMAINE,PNEUMOLOGIE,149
118,,,,150
119,,,,151
120,,,,152
121,,,,153
122,,PROTECTEURS CUTANES,DERMATOLOGIE,154
123,,,,155
124,79,ANXIOLYTIQUE,PSYCHIATRIE,156
125,143,DYSFONCTION ERERCTILE,UROLOGIE - NEPHROLOGIE,157
125,182,CARDIOPATHIE CONGENITALE,CARDIOLOGIE,158
126,,,,159
127,,,,160
128,,,,161
129,,,,162
130,,,,163
131,,,,164
132,,,,165
133,,,,166
134,,SCLEROSANTS VEINEUX,CARDIOLOGIE,167
135,,,,168
136,120,ANTIPARKINSONIENS,NEUROLOGIE,169
137,,,,170
138,16,HYPERTENSION ARTERIELLE PULMONAIRE,PNEUMOLOGIE,171
139,14,PREPARATION ORO-BUCCALE ,OTO-RHINO-PHARYNGOLOGIE,172
139,,MUCOLYTIQUES,PNEUMOLOGIE,173
140,,,,174
141,,,,175
142,,,,176
143,10,ANTIBACTERIENS A USAGE SYSTEMIQUE,ANTIINFECTIEUX A USAGE SYSTEMIQUE,177
144,116,ANTIHYPERTENSEURS,CARDIOLOGIE,178
144,116,DIURETIQUES,UROLOGIE - NEPRHOLOGIE,179
145,28,ANTIARYTHMIQUES,CARDIOLOGIE,180
146,78,NEUROLEPTIQUE,PSYCHIATRIE,181
147,41,ANTIDEPRESSEURS,PSYCHIATRIE,182
147,139,ENURESIE,UROLOGIE - NEPHROLOGIE,183
148,146,ANTIHYPERTENSEURS,CARDIOLOGIE,184
148,146,INSUFFISANCE CORONARIENNE,CARDIOLOGIE,185
149,42,ANTIFONGIQUES LOCAUX,DERMATOLOGIE,186
150,41,ANTIDEPRESSEURS,PSYCHIATRIE,187
151,176,BETA LACTAMINES,INFECTIOLOGIE,188
152,,ANTIFONGIQUES LOCAUX,STOMATOLOGIE,189
153,,,,190
154,,,,191
155,,,,192
156,121,ANTALGIQUES ET/OU ANTIINFLAMMATOIRES LOCAUX,STOMATOLOGIE,193
157,54,PREPARATION ORO-BUCCALE ,OTO-RHINO-PHARYNGOLOGIE,194
158,,,,195
159,140,TRAITEMENTS DE FOND DES RHUMATISMES INFLAMMATOIRES,RHUMATOLOGIE,196
160,,,,197
161,,,,198
162,,CORRECTEURS DES HYPOSIALIES,STOMATOLOGIE,199
164,,,,200
165,,,,201
166,,,,202
167,25,CANCER DE LA PROSTATE,UROLOGIE - NEPHROLOGIE,203
168,37,PREVENTION CARDIOVASCULAIRE,CARDIOLOGIE,204
169,,,,205
170,,,,206
171,140,TRAITEMENTS DE FOND DES RHUMATISMES INFLAMMATOIRES,RHUMATOLOGIE,207
171,140,PSORIASIS,DERMATOLOGIE,208
172,,,,209
173,,,,210
174,,,,211
175,,,,212
,,,,213
,,,,214
178,,,,215
179,,,,216
180,,,,217
181,,NEUROLEPTIQUE,PSYCHIATRIE,218
182,,,,219
183,,,,220
184,,,,221
185,,,,222
186,,,,223
187,,,,224
188,,,,225
189,,,,226
190,,,,227
191,,,,228
192,,,,229
193,,,,230
194,81,INSUFFISANCE CORONARIENNE AIGUE,CARDIOLOGIE,231
194,81,ANTIHYPERTENSEUR,CARDIOLOGIE,232
194,81,INSUFFISANCE CORONARIENNE,CARDIOLOGIE,233
195,,,,234
,135,PREVENTION CARDIOVASCULAIRE,CARDIOLOGIE,235
199,,,,236
200,,,,237
201,,,,238
202,,ANTIARYTHMIQUES,CARDIOLOGIE,239
202,,TRAITEMENTS SPECIFIQUES,TOXICOLOGIE,240
203,,,,241
204,,,,242
205,,,,243
206,,,,244
207,,,,245
208,,,,246
209,,,,247
210,,,,248
211,,,,249
212,,,,250
213,,,,251
214,,,,252
215,,,,253
216,47,RHINITE ALLERGIQUES,OTO-RHINO-LARYNGOLOGIE,254
217,,,,255
218,,,,256
219,,,,257
220,102,ETATS DE DEPENDANCE,PSYCHIATRIE,258
221,,,,259
222,88,ASTHME ET BRONCHOPNEUMOPATHIES CHRONIQUES,PNEUMOLOGIE,260
223,,,,261
224,140,TRAITEMENTS DE FOND DES RHUMATISMES INFLAMMATOIRES,RHUMATOLOGIE,262
225,175,IMAGERIE PAR RESONANCE MAGNETIQUE,PRODUITS DE DIAGNOSTIC,263
226,,,,264
227,,PROTECTEURS CUTANES,DERMATOLOGIE,265
228,,,,266
229,,,,267
230,94,ASTHME ET BRONCHOPNEUMOPATHIES CHRONIQUES,PNEUMOLOGIE,268
230,94,RHINITE ALLERGIQUES,OTO-RHINO-LARYNGOLOGIE,269
231,,,,270
232,,,,271
233,,,,272
234,,,,273
235,149,ANTIHYPERTENSEURS,CARDIOLOGIE,274
235,149,INSUFFISANCE RENALE,UROLGIE - NEPHROLOGIE,275
236,,,,276
237,,,,277
238,,PROTECTEURS CUTANES,DERMATOLOGIE,278
239,40,ASTHME ET BRONCHOPNEUMOPATHIES CHRONIQUES,PNEUMOLOGIE,279
240,,,,280
241,11,ANTISEPTIQUES LOCAUX,DERMATOLOGIE,281
242,11,ANTISEPTIQUES LOCAUX,DERMATOLOGIE,282
242,33,FORMES NASALES A VISEE ANTIBACTERIENNE ET OU ANTI INFLAMMATOIRE,OTO-RHINO-LARYNGOLOGIE,283
242,33,PREPARATION ORO-BUCCALE ,OTO-RHINO-PHARYNGOLOGIE,284
243,,,,285
244,,ANTIPARASITAIRES EXTERNES,DERMATOLOGIE,286
,,,,287
,,,,288
247,33,FORMES NASALES A VISEE ANTIBACTERIENNE ET OU ANTI INFLAMMATOIRE,OTO-RHINO-LARYNGOLOGIE,289
248,,,,290
249,,,,291
250,,,,292
251,,,,293
252,111,PRODUITS RADIOPHARMACEUTIQUES,PRODUITS DE DIAGNOSTIC,294
252,196,PRODUITS RADIOPHARMACEUTIQUES,PRODUITS DE DIAGNOSTIC,295
253,,,,296
254,,,,297
255,,,,298
256,,,,299
257,,,,300
258,,,,301
259,59,ANTALGIQUES ET/OU ANTI-INFLAMMATOIRES LOCAUX,STOMATOLOGIE,302
259,94,ASTHME ET BRONCHOPNEUMOPATHIES CHRONIQUES,PNEUMOLOGIE,303
259,95,DERMOCORTICOIDES,DERMATOLOGIE,304
259,,AIS,ANTI-INFAMMATOIRES,305
,209,"CORTICOIDES, PREPARATIONS DERMATOLOGIQUES",MEDICAMENTS DERMATOLOGIQUES,306
260,96,DERMOCORTICOIDES,DERMATOLOGIE,307
260,209,"CORTICOIDES, PREPARATIONS DERMATOLOGIQUES",MEDICAMENTS DERMATOLOGIQUES,308
261,,,,309
262,81,ANTIHYPERTENSEUR,CARDIOLOGIE,310
262,81,INSUFFISANCE CORONARIENNE,CARDIOLOGIE,311
263,111,PRODUITS RADIOPHARMACEUTIQUES,PRODUITS DE DIAGNOSTIC,312
263,129,PRODUITS RADIOPHARMACEUTIQUES,PRODUITS DE DIAGNOSTIC,313
264,,,,314
265,,ANTINEOPLASIQUES,DERMATOLOGIE,315
266,135,PREVENTION CARDIOVASCULAIRE,CARDIOLOGIE,316
267,,,,317
268,25,CANCER DE LA PROSTATE,UROLOGIE - NEPHROLOGIE,318
269,,,,319
270,,,,320
271,195,PRODUITS RADIOPHARMACEUTIQUES,PRODUITS DE DIAGNOSTIC,321
272,33,PREPARATION ORO-BUCCALE ,OTO-RHINO-PHARYNGOLOGIE,322
273,,,,323
274,42,ANTIFONGIQUES LOCAUX,DERMATOLOGIE,324
275,45,ANTIHISTAMINIQUE H1,ALLERGOLOGIE ,325
276,,,,326
277,,,,327
278,,,,328
279,,,,329
280,,SCLEROSE EN PLAQUES,NEUROLOGIE,330
281,,,,331
282,,,,332
,,MEDICAMENTS ADJUVANTS DANS LES AFFECTIONS ORL,OTO-RHINO-LARYNGOLOGIE,333
,,,,334
285,,,,335
286,81,INSUFFISANCE CORONARIENNE,CARDIOLOGIE,336
286,81,ANTIHYPERTENSEUR,CARDIOLOGIE,337
286,81,INSUFFISANCE CARDIAQUE ,CARDIOLOGIE,338
287,,,,339
288,,,,340
289,,TRAITEMENTS SPECIFIQUES,TOXICOLOGIE,341
290,74,PRODUITS DE DIAGNOSTIC,RHUMATOLOGIE,342
291,,,,343
292,,,,344
293,,,,345
294,,,,346
295,16,HYPERTENSION ARTERIELLE PULMONAIRE,PNEUMOLOGIE,347
295,,ULCERES DIGITAUX,CARDIOLOGIE,348
296,,,,349
297,,,,350
298,,,,351
299,,,,352
300,,,,353
301,,,,354
302,,,,355
303,,,,356
304,140,PSORIASIS,DERMATOLOGIE,357
305,79,ANXIOLYTIQUE,PSYCHIATRIE,358
306,,,,359
307,203,ARTHROSE ET DIVERSES AFFECTIONS RHUMATISMALES,RHUMATOLOGIE,360
308,,,,361
309,,,,362
310,43,ANTIHISTAMINIQUE H1,ALLERGOLOGIE ,363
311,,,,364
312,94,ASTHME ET BRONCHOPNEUMOPATHIES CHRONIQUES,PNEUMOLOGIE,365
312,94,RHINITE ALLERGIQUES,OTO-RHINO-LARYNGOLOGIE,366
313,115,ANTIHYPERTENSEURS,CARDIOLOGIE,367
313,115,INSUFFISANCE CARDIAQUE ,CARDIOLOGIE,368
313,115,DIURETIQUES,UROLOGIE - NEPHROLOGIE,369
314,,,,370
315,105,ETAT DE DEPENDANCE,PSYCHIATRIE,371
316,103,ETAT DE DEPENDANCE,PSYCHIATRIE,372
317,,,,373
318,12,CANCER DE LA PROSTATE,UROLOGIE - NEPHROLOGIE,374
319,,ANXIOLYTIQUE,PSYCHIATRIE,375
320,,,,376
321,,,,377
322,,,,378
323,,,,379
324,,,,380
325,,,,381
326,,,,382
327,,,,383
328,,PROTECTEURS CUTANES,DERMATOLOGIE,384
329,,,,385
330,,,,386
331,13,PSORIASIS,DERMATOLOGIE,387
332,,MALADIE DE PAGET,RHUMATOLOGIE,388
332,,OSTEOPOROSE,RHUMATOLOGIE,389
333,13,PSORIASIS,DERMATOLOGIE,390
334,165,INSUFFISANCE RENALE,UROLGIE - NEPHROLOGIE,391
335,,,,392
336,,,,393
337,187,SEDATIS,PSYCHIATRIE,394
338,,,,395
339,,,,396
340,,,,397
341,,,,398
342,,,,399
343,,,,400
344,,,,401
345,,,,402
346,,,,403
347,,PROTECTEURS CUTANES,DERMATOLOGIE,404
348,,,,405
349,,ACCES AIGU DE GOUTTE,RHUMATOLOGIE,406
350,15,ANTIHYPERTENSEUR,CARDIOLOGIE,407
350,15,INSUFFISANCE CARDIAQUE ,CARDIOLOGIE,408
351,24,PREVENTION CARDIOVASCULAIRE,CARDIOLOGIE,409
352,,,,410
353,,,,411
354,,,,412
355,,,,413
356,149,ANTIHYPERTENSEURS,CARDIOLOGIE,414
356,149,INSUFFISANCE CARDIAQUE ,CARDIOLOGIE,415
356,149,INSUFFISANCE RENALE,UROLGIE - NEPHROLOGIE,416
357,,ANTIEPILEPTIQUES,PSYCHIATRIE,417
358,,NORMOTHYMIQUES,PSYCHIATRIE,418
358,,ANTIEPILEPTIQUES,NEUROLOGIE,419
359,,,,420
360,,,,421
361,,,,422
362,,MUCOLYTIQUES,PNEUMOLOGIE,423
363,,,,424
364,,,,425
365,,,,426
366,,,,427
367,,,,428
368,,,,429
369,,,,430
370,,,,431
371,,,,432
372,,,,433
373,,,,434
374,81,INSUFFISANCE CARDIAQUE ,CARDIOLOGIE,435
375,,,,436
376,,,,437
377,,,,438
378,,,,439
379,,,,440
380,,,,441
381,,,,442
382,,,,443
383,,,,444
384,,,,445
385,90,BETA LACTAMINES,INFECTIOLOGIE,446
386,,,,447
387,,,,448
388,,,,449
389,,,,450
390,,,,451
391,,,,452
392,,,,453
393,,,,454
394,,,,455
395,,,,456
396,157,AINS,ANTI-INFLAMMATOIRES,457
396,158,AINS,RHUMATOLOGIE,458
397,81,INSUFFISANCE CORONARIENNE,CARDIOLOGIE,459
397,81,ANTIHYPERTENSEUR,CARDIOLOGIE,460
398,,,,461
399,,,,462
400,,,,463
401,,,,464
402,,,,465
403,140,TRAITEMENTS DE FOND DES RHUMATISMES INFLAMMATOIRES,RHUMATOLOGIE,466
403,140,PSORIASIS,DERMATOLOGIE,467
404,,,,468
405,,,,469
406,45,ANTIHISTAMINIQUE H1,ALLERGOLOGIE ,470
407,11,ANTISEPTIQUES LOCAUX,DERMATOLOGIE,471
408,,,,472
409,,,,473
410,,,,474
411,,ADBSORBANT CHARBON ACTIVE,TOXICOLOGIE,475
412,,,,476
413,,,,477
414,,,,478
415,140,NEPHROPATHIES GLOMERULAIRES PRIMITIVES,UROLOGIE-NEPHROLOGIE,479
416,,,,480
417,,ANTISEPTIQUES LOCAUX,DERMATOLOGIE,481
418,33,PREPARATION ORO-BUCCALE ,OTO-RHINO-PHARYNGOLOGIE,482
418,,ANTISEPTIQUES LOCAUX,STOMATOLOGIE,483
418,,ANTISEPTIQUES LOCAUX,DERMATOLOGIE,484
419,,,,485
420,51,ANTINEOPLASIQUES,DERMATOLOGIE,486
421,,,,487
422,,PROTECTEURS CUTANES,DERMATOLOGIE,488
423,,,,489
424,,TRAITEMENTS DE FOND DES RHUMATISMES INFLAMMATOIRES,RHUMATOLOGIE,490
424,,ANTIPHOTOSENSIBILISANTS,DERMATOLOGIE,491
425,46,CONGESTION NASALE,OTO-RHINO-LARYNGOLOGIE,492
426,177,NEUROLEPTIQUES,PSYCHIATRIE,493
427,,,,494
428,,,,495
429,100,ANTIBACTÉRIENS LOCAUX,DERMATOLOGIE,496
430,11,ANTISEPTIQUES LOCAUX,DERMATOLOGIE,497
431,,,,498
432,,,,499
433,,,,500
434,,,,501
435,,PROTECTEURS CUTANES,DERMATOLOGIE,502
436,,,,503
437,202,ARTHROSE ET DIVERSES AFFECTIONS RHUMATISMALES,RHUMATOLOGIE,504
438,,,,505
439,,,,506
440,30,ANTIARYTHMIQUES,CARDIOLOGIE,507
441,94,ASTHME ET BRONCHOPNEUMOPATHIES CHRONIQUES,PNEUMOLOGIE,508
442,118,ANTIHYPERTENSEURS,CARDIOLOGIE,509
442,118,DIURETIQUES,UROLOGIE - NEPHROLOGIE,510
443,42,ANTIFONGIQUES LOCAUX,DERMATOLOGIE,511
444,42,ANTIFONGIQUES LOCAUX,DERMATOLOGIE,512
445,140,NEPHROPATHIES GLOMERULAIRES PRIMITIVES,UROLOGIE-NEPHROLOGIE,513
445,140,TRAITEMENTS DE FOND DES RHUMATISMES INFLAMMATOIRES,RHUMATOLOGIE,514
445,140,DERMATITE ATOPIQUE,DERMATOLOGIE,515
445,140,PSORIASIS,DERMATOLOGIE,516
446,,,,517
447,149,ANTIHYPERTENSEURS,CARDIOLOGIE,518
447,149,INSUFFISANCE CARDIAQUE ,CARDIOLOGIE,519
448,,,,520
449,,,,521
450,,,,522
451,,,,523
452,135,PREVENTION CARDIOVASCULAIRE,CARDIOLOGIE,524
453,33,OTITES EXTERNES,OTO-RHINO-LARYNGOLOGIE,525
453,,FLUOROQUINOLONES,INFECTIOLOGIE,526
454,,,,527
455,,,,528
456,159,ANTIDEPRESSEURS,PSYCHIATRIE,529
457,,,,530
458,,,,531
,,,,532
,,,,533
461,,,,534
462,,,,535
463,,,,536
464,146,ANTIHYPERTENSEURS,CARDIOLOGIE,537
465,,,,538
466,,ANTIACNEIQUES,DERMATOLOGIE,539
467,79,ANXIOLYTIQUE,PSYCHIATRIE,540
467,79,ANTIEPILEPTIQUES,NEUROLOGIE,541
468,208,"CORTICOIDES, PREPARATIONS DERMATOLOGIQUES",MEDICAMENTS DERMATOLOGIQUES,542
469,96,DERMOCORTICOIDES,DERMATOLOGIE,543
469,208,"CORTICOIDES, PREPARATIONS DERMATOLOGIQUES",MEDICAMENTS DERMATOLOGIQUES,544
470,,,,545
471,,,,546
472,,,,547
473,41,ANTIDEPRESSEUR,PSYCHIATRIE,548
473,139,ENURESIE,UROLOGIE - NEPHROLOGIE,549
474,79,ANTIEPILEPTIQUES,NEUROLOGIE,550
475,48,ANTIHYPERTENSEURS,CARDIOLOGIE,551
476,24,PREVENTION CARDIOVASCULAIRE,CARDIOLOGIE,552
477,80,ANXIOLYTIQUES,PSYCHIATRIE,553
478,80,ANXIOLYTIQUES,PSYCHIATRIE,554
479,,,,555
480,,,,556
481,113,NEUROLEPTIQUES,PSYCHIATRIE,557
482,,,,558
483,,,,559
484,,,,560
485,19,ANTALGIQUES OPIOIDES,ANTALGIQUES - ANTIPYRETIQUES - ANTISPASMODIQUES,561
485,58,ANTITUSSIFS,PNEUMOLOGIE,562
486,,ACCES AIGU DE GOUTTE,RHUMATOLOGIE,563
487,,,,564
488,135,PREVENTION CARDIOVASCULAIRE,CARDIOLOGIE,565
489,,,,566
490,163,INSUFFISANCE RENALE,UROLOGIE-NEPHROLOGIE,567
490,,MALADIE DE DUPUYTREN,RHUMATOLOGIE,568
491,,,,569
492,,,,570
493,,,,571
494,130,AUTRES PRODUITS DE DIAGNOSTIC,PRODUIT DE DIAGNOSTIC,572
495,,AIS,ANTI-INFLAMMATOIRES,573
496,,,,574
497,,,,575
498,,,,576
499,,,,577
500,,,,578
501,,,,579
502,,ANTISEPTIQUES LOCAUX,DERMATOLOGIE,580
502,,PROTECTEURS CUTANES,DERMATOLOGIE,581
502,,MEDICAMENTS ADJUVANTS DANS LES AFFECTIONS ORL,OTO-RHINO-LARYNGOLOGIE,582
503,,,,583
504,177,NEUROLEPTIQUES,PSYCHIATRIE,584
505,,,,585
506,,,,586
507,,,,587
508,43,ANTIHISTAMINIQUE H1,ALLERGOLOGIE ,588
509,25,CANCER DE LA PROSTATE,UROLOGIE - NEPHROLOGIE,589
509,,DEVIANCES SEXUELLES,PSYCHIATRIE,590
509,,HIRSUTISME,DERMATOLOGIE,591
510,,,,592
511,,,,593
512,37,PREVENTION CARDIOVASCULAIRE,CARDIOLOGIE,594
513,,,,595
514,,,,596
515,,,,597
516,,,,598
517,,,,599
518,132,INSUFFISANCE CORONARIENNE AIGUE,CARDIOLOGIE,600
519,,,,601
520,,,,602
521,,,,603
522,,,,604
523,123,DYSFONCTION ERERCTILE,UROLOGIE - NEPHROLOGIE,605
524,49,ANTIMYCOBACTERIENS,DERMATOLOGIE,606
525,,,,607
526,,,,608
527,26,INSUFFISANCE RENALE,UROLGIE - NEPHROLOGIE,609
528,,,,610
529,,,,611
530,,,,612
531,,,,613
532,,,,614
533,,TRAITEMENTS SPECIFIQUES,TOXICOLOGIE,615
534,,TRAITEMENTS SPECIFIQUES,TOXICOLOGIE,616
535,,TRAITEMENTS SPECIFIQUES,TOXICOLOGIE,617
536,,,,618
537,18,CANCER DE LA PROSTATE,UROLOGIE - NEPHROLOGIE,619
538,,,,620
539,,,,621
540,,OSTEOPOROSE,RHUMATOLOGIE,622
541,,,,623
542,,,,624
543,,,,625
544,,,,626
545,45,ANTIHISTAMINIQUE H1,ALLERGOLOGIE ,627
546,,ENURESIE,UROLOGIE - NEPHROLOGIE,628
546,,EXPLORATION DE LA FONCTION RENALE,UROLOGIE - NEPHROLOGIE,629
547,,,,630
548,99,DERMOCORTICOIDES,DERMATOLOGIE,631
548,210,"CORTICOIDES, PREPARATIONS DERMATOLOGIQUES",MEDICAMENTS DERMATOLOGIQUES,632
549,94,ASTHME ET BRONCHOPNEUMOPATHIES CHRONIQUES,PNEUMOLOGIE,633
549,94,OTITES EXTERNES,OTO-RHINO-LARYNGOLOGIE,634
549,,AIS,ANTI-INFLAMMATOIRES,635
550,43,ANTIHISTAMINIQUE H1,ALLERGOLOGIE ,636
551,4,ANTALGIQUES NON OPIOIDES,ANTALGIQUES - ANTIPYRETIQUES - ANTISPASMODIQUES,637
552,,,,638
553,,PROTECTEURS CUTANES,DERMATOLOGIE,639
554,,,,640
555,58,ANTITUSSIFS,PNEUMOLOGIE,641
556,,,,642
557,202,ARTHROSE ET DIVERSES AFFECTIONS RHUMATISMALES,RHUMATOLOGIE,643
558,79,ANTIEPILEPTIQUES,NEUROLOGIE,644
558,80,ANXIOLYTIQUES,PSYCHIATRIE,645
559,,,,646
560,,INDUCTION OSSEUSE EN CHIRURGIE,RHUMATOLOGIE,647
561,4,ANTALGIQUES NON OPIOIDES,ANTALGIQUES - ANTIPYRETIQUES - ANTISPASMODIQUES,648
561,5,AINS,ANTI-INFLAMMATOIRES,649
561,5,AINS,RHUMATOLOGIE,650
561,161,KERATOLYTIQUES,DERMATOLOGIE,651
562,,,,652
563,,,,653
564,,,,654
565,125,CANCER DE LA PROSTATE,UROLOGIE - NEPHROLOGIE,655
566,98,DERMOCORTICOIDES,DERMATOLOGIE,656
566,209,"CORTICOIDES, PREPARATIONS DERMATOLOGIQUES",MEDICAMENTS DERMATOLOGIQUES,657
567,98,DERMOCORTICOIDES,DERMATOLOGIE,658
567,209,"CORTICOIDES, PREPARATIONS DERMATOLOGIQUES",MEDICAMENTS DERMATOLOGIQUES,659
568,29,ANTIARYTHMIQUES,CARDIOLOGIE,660
568,114,INSUFFISANCE CARDIAQUE,CARDIOLOGIE,661
569,,ANTIHYPERTENSEURS,CARDIOLOGIE,662
570,19,ANTALGIQUES OPIOIDES,ANTALGIQUES - ANTIPYRETIQUES - ANTISPASMODIQUES,663
571,,,,664
572,32,ANTIARYTHMIQUES,CARDIOLOGIE,665
572,146,INSUFFISANCE CORONARIENNE,CARDIOLOGIE,666
572,147,INSUFFISANCE CORONARIENNE AIGUE,CARDIOLOGIE,667
573,,,,668
574,,TRAITEMENTS SPECIFIQUES,TOXICOLOGIE,669
575,,SCLEROSE EN PLAQUES,NEUROLOGIE,670
576,,,,671
577,,,,672
578,,,,673
579,,VASCULOPROTECTEURS ET VEINOTONIQUES,CARDIOLOGIE,674
580,,,,675
581,24,PREVENTION CARDIOVASCULAIRE,CARDIOLOGIE,676
581,126,AUTRES PRODUITS DE DIAGNOSTIC,PRODUIT DE DIAGNOSTIC,677
582,30,ANTIARYTHMIQUES,CARDIOLOGIE,678
583,102,ETATS DE DEPENDANCE,PSYCHIATRIE,679
584,192,INSUFFISANCE CARDIAQUE AIGUE,CARDIOLOGIE,680
585,,,,681
586,,ANTIHERPETIQUES LOCAUX,DERMATOLOGIE,682
587,,,,683
588,,PROTECTEURS CUTANES,DERMATOLOGIE,684
589,,,,685
590,,,,686
591,,,,687
592,,,,688
593,192,INSUFFISANCE CARDIAQUE AIGUE,CARDIOLOGIE,689
594,,,,690
595,167,MUCOVISCIDOSE,PNEUMOLOGIE,691
596,,,,692
597,41,ANTIDEPRESSEURS,PSYCHIATRIE,693
598,,ANALEPTIQUES RESPIRATOIRES,PNEUMOLOGIE,694
599,9,HYPERTROPHIE BENIGNE DE LA PROSTATE,UROLOGIE-NEPHROLOGIE,695
599,,ANTIHYPERTENSEURS,CARDIOLOGIE,696
600,41,ANTIDEPRESSEURS,PSYCHIATRIE,697
601,,,,698
602,100,ANTIACNEIQUES,DERMATOLOGIE,699
603,44,HYPNOTIQUES,PSYCHIATRIE,700
604,63,ANTIARYTHMIQUES,CARDIOLOGIE,701
605,89,NEUROLEPTIQUES,PSYCHIATRIE,702
606,,,,703
607,,ANALOGUES DU GLP-1,DIABETE,704
608,153,ANTIDEPRESSEURS,PSYCHIATRIE,705
609,39,DERMATITE ATOPIQUE,DERMATOLOGIE,706
610,,,,707
611,,,,708
612,,,,709
613,,,,710
614,45,ANTIHISTAMINIQUE H1,ALLERGOLOGIE ,711
615,179,OTITES EXTERNES,OTO-RHINO-LARYNGOLOGIE,712
616,42,ANTIFONGIQUES LOCAUX,DERMATOLOGIE,713
617,,,,714
618,111,PRODUITS RADIOPHARMACEUTIQUES,PRODUITS DE DIAGNOSTIC,715
619,,,,716
620,,HIRSUTISME,DERMATOLOGIE,717
621,,,,718
622,,,,719
623,,,,720
624,,,,721
625,,,,722
626,,,,723
627,,,,724
628,,,,725
629,149,ANTIHYPERTENSEURS,CARDIOLOGIE,726
629,149,INSUFFISANCE CARDIAQUE ,CARDIOLOGIE,727
630,,,,728
631,,,,729
632,,,,730
633,132,INSUFFISANCE CORONARIENNE AIGUE,CARDIOLOGIE,731
634,156,INSUFFISANCE CARDIAQUE AIGUE,CARDIOLOGIE,732
635,,HYGIENE BUCCODENTAIRE,STOMATOLOGIE,733
635,,PROTECTEURS CUTANES,DERMATOLOGIE,734
636,,,,735
637,,,,736
638,25,CANCER DE LA PROSTATE,UROLOGIE - NEPHROLOGIE,737
639,92,ANTISEPTIQUES LOCAUX,DERMATOLOGIE,738
640,,,,739
641,,,,740
642,,,,741
643,116,INSUFFISANCE CARDIAQUE ,CARDIOLOGIE,742
644,26,INSUFFISANCE RENALE,UROLGIE - NEPHROLOGIE,743
645,26,INSUFFISANCE RENALE,UROLGIE - NEPHROLOGIE,744
646,26,INSUFFISANCE RENALE,UROLGIE - NEPHROLOGIE,745
647,26,INSUFFISANCE RENALE,UROLGIE - NEPHROLOGIE,746
648,181,HYPERTENSION ARTERIELLE PULMONAIRE,PNEUMOLOGIE,747
649,15,ANTIHYPERTENSEUR,CARDIOLOGIE,748
650,,,,749
651,17,INSUFFISANCE CORONARIENNE AIGUE,CARDIOLOGIE,750
652,,,,751
653,,,,752
654,,,,753
655,,,,754
656,,,,755
657,,,,756
658,,ANTIACNEIQUES,DERMATOLOGIE,757
659,,,,758
660,152,ANTIDEPRESSEURS,PSYCHIATRIE,759
661,,,,760
662,,ANTIEPILEPTIQUES,NEUROLOGIE,761
663,31,ANTIARYTHMIQUES,CARDIOLOGIE,762
664,,,,763
665,135,PREVENTION CARDIOVASCULAIRE,CARDIOLOGIE,764
,,,,765
,,,,766
668,166,CANCER DE LA PROSTATE,UROLOGIE - NEPHROLOGIE,767
669,,,,768
670,,,,769
671,140,TRAITEMENTS DE FOND DES RHUMATISMES INFLAMMATOIRES,RHUMATOLOGIE,770
671,140,PSORIASIS,DERMATOLOGIE,771
672,,,,772
673,67,ANTIMYCOBACTERIENS,ANTIINFECTIEUX A USAGE SYSTEMIQUE,773
674,102,ETAT DE DEPENDANCE,PSYCHIATRIE,774
674,,ANTISEPTIQUES LOCAUX,DERMATOLOGIE,775
675,,,DERMATOLOGIE,776
676,,,,777
677,,ANTIEPILEPTIQUES,NEUROLOGIE,778
678,69,ANXIOLYTIQUES,PSYCHIATRIE,779
679,76,ANTIHYPOTENSEURS,CARDIOLOGIE,780
679,,DYSFONCTION ERERCTILE,UROLOGIE - NEPHROLOGIE,781
680,5,AINS,ANTI-INFLAMMATOIRES,782
680,5,AINS,RHUMATOLOGIE,783
681,,,,784
682,,,,785
683,,,,786
684,157,AINS,RHUMATOLOGIE,787
684,157,AINS,ANTI-INFAMMATOIRES,788
685,,,,789
686,,,,790
687,,,,791
688,,,,792
689,,,,793
690,,,,794
691,135,PREVENTION CARDIOVASCULAIRE,CARDIOLOGIE,795
692,111,PRODUITS RADIOPHARMACEUTIQUES,PRODUITS DE DIAGNOSTIC,796
692,112,PRODUITS RADIOPHARMACEUTIQUES,PRODUITS DE DIAGNOSTIC,797
692,195,PRODUITS RADIOPHARMACEUTIQUES,PRODUITS DE DIAGNOSTIC,798
692,196,PRODUITS RADIOPHARMACEUTIQUES,PRODUITS DE DIAGNOSTIC,799
693,,,,800
694,,ANALOGUES DU GLP-1,DIABETE,801
695,,,,802
696,,,,803
697,,,,804
698,,,,805
699,,,,806
,,,,807
,,,,808
702,,,,809
703,,,,810
704,,,,811
705,,,,812
706,,,,813
707,,,,814
708,,,,815
709,,,,816
710,,,,817
711,148,TRAITEMENT HYPO URICEMIANT,RHUMATOLOGIE,818
712,,ANTIEPILEPTIQUES,NEUROLOGIE,819
713,146,ANTIHYPERTENSEURS,CARDIOLOGIE,820
713,146,INSUFFISANCE CORONARIENNE,CARDIOLOGIE,821
714,135,PREVENTION CARDIOVASCULAIRE,CARDIOLOGIE,822
715,4,ANTALGIQUES NON OPIOIDES,ANTALGIQUES - ANTIPYRETIQUES - ANTISPASMODIQUES,823
716,,,,824
717,20,ANTALGIQUES OPIOIDES,ANTALGIQUES - ANTIPYRETIQUES - ANTISPASMODIQUES,825
718,42,ANTIFONGIQUES LOCAUX,DERMATOLOGIE,826
719,,,,827
720,,,,828
721,,,,829
722,,VESSIE INSTABLE,UROLOGIE-NEPHROLOGIE,830
723,45,ANTIHISTAMINIQUE H1,ALLERGOLOGIE ,831
724,,,,832
725,,,,833
726,,,,834
727,,,,835
728,,ANTI-ALOPÉCIQUES,DERMATOLOGIE,836
729,,SCLEROSE EN PLAQUES,NEUROLOGIE,837
730,,VESSIE INSTABLE,UROLOGIE-NEPHROLOGIE,838
731,30,ANTIARYTHMIQUES,CARDIOLOGIE,839
732,111,PRODUITS RADIOPHARMACEUTIQUES,PRODUITS DE DIAGNOSTIC,840
732,195,PRODUITS RADIOPHARMACEUTIQUES,PRODUITS DE DIAGNOSTIC,841
733,,,,842
734,111,PRODUITS RADIOPHARMACEUTIQUES,PRODUITS DE DIAGNOSTIC,843
735,,,,844
736,,,,845
737,,,,846
738,60,PRODUITS RADIOPHARMACEUTIQUES,PRODUITS DE DIAGNOSTIC,847
738,110,PRODUITS RADIOPHARMACEUTIQUES,PRODUITS DE DIAGNOSTIC,848
738,111,PRODUITS RADIOPHARMACEUTIQUES,PRODUITS DE DIAGNOSTIC,849
738,195,PRODUITS RADIOPHARMACEUTIQUES,PRODUITS DE DIAGNOSTIC,850
739,94,OTITES EXTERNES,OTO-RHINO-LARYNGOLOGIE,851
740,37,PREVENTION CARDIOVASCULAIRE,CARDIOLOGIE,852
741,,TRAITEMENTS SPECIFIQUES,TOXICOLOGIE,853
742,183,INFECTIONS URINAIRES,UROLOGIE-NEPHROLOGIE,854
743,,,,855
744,186,AFFECTIONS RETINIENNES,OPHTALMOLOGIE,856
744,,OTITES EXTERNES,OTO-RHINO-LARYNGOLOGIE,857
745,,,,858
746,,APPORT FLUORE,STOMATOLOGIE,859
747,,,,860
748,111,PRODUITS RADIOPHARMACEUTIQUES,PRODUITS DE DIAGNOSTIC,861
,111,PRODUITS RADIOPHARMACEUTIQUES,PRODUITS DE DIAGNOSTIC,862
,195,PRODUITS RADIOPHARMACEUTIQUES,PRODUITS DE DIAGNOSTIC,863
751,111,PRODUITS RADIOPHARMACEUTIQUES,PRODUITS DE DIAGNOSTIC,864
751,195,PRODUITS RADIOPHARMACEUTIQUES,PRODUITS DE DIAGNOSTIC,865
752,,,,866
753,51,ANTINEOPLASIQUES,DERMATOLOGIE,867
753,,CONDYLOMES ACUMINES,DERMATOLOGIE,868
754,,,,869
755,,,,870
756,,,,871
757,152,ANTIDEPRESSEURS,PSYCHIATRIE,872
758,199,NEUROLEPTIQUES,PSYCHIATRIE,873
759,5,AINS,ANTI-INFLAMMATOIRES,874
759,5,AINS,RHUMATOLOGIE,875
759,24,PREVENTION CARDIOVASCULAIRE,CARDIOLOGIE,876
760,25,CANCER DE LA PROSTATE,UROLOGIE - NEPHROLOGIE,877
,94,ASTHME ET BRONCHOPNEUMOPATHIES CHRONIQUES,PNEUMOLOGIE,878
,209,"CORTICOIDES, PREPARATIONS DERMATOLOGIQUES",MEDICAMENTS DERMATOLOGIQUES,879
,94,RHINITE ALLERGIQUES,OTO-RHINO-LARYNGOLOGIE,880
763,,,,881
764,98,DERMOCORTICOIDES,DERMATOLOGIE,882
765,135,PREVENTION CARDIOVASCULAIRE,CARDIOLOGIE,883
766,152,ANTIDEPRESSEURS,PSYCHIATRIE,884
767,,,,885
768,,,,886
769,,,,887
770,,,,888
771,,TRAITEMENTS SPECIFIQUES,TOXICOLOGIE,889
772,,INSUFFISANCE CORONARIENNE AIGUE,CARDIOLOGIE,890
773,88,ASTHME ET BRONCHOPNEUMOPATHIES CHRONIQUES,PNEUMOLOGIE,891
774,,,,892
775,,,,893
776,,INFECTIONS URINAIRES,UROLOGIE-NEPHROLOGIE,894
776,,DIVERS ANTIBACTERIENS,INFECTIOLOGIE,895
777,149,ANTIHYPERTENSEURS,CARDIOLOGIE,896
777,149,INSUFFISANCE CARDIAQUE ,CARDIOLOGIE,897
778,133,ANTIEPILEPTIQUES,NEUROLOGIE,898
779,,,,899
781,,VASCULOPROTECTEURS ET VEINOTONIQUES,CARDIOLOGIE,900
782,,,,901
783,,,,902
784,,,,903
785,,OTITES EXTERNES,OTO-RHINO-LARYNGOLOGIE,904
786,,,,905
787,,,,906
788,,,,907
789,,,,908
790,,,,909
791,,,,910
792,,,,911
793,,,,912
794,115,ANTIHYPERTENSEURS,CARDIOLOGIE,913
794,115,INSUFFISANCE CARDIAQUE ,CARDIOLOGIE,914
794,115,DIURETIQUES,UROLOGIE - NEPHROLOGIE,915
795,,ANTIEPILEPTIQUES,NEUROLOGIE,916
796,,,,917
797,,,,918
798,,,,919
799,,,,920
800,,PROTECTEURS CUTANES,DERMATOLOGIE,921
801,,,,922
802,,,,923
803,61,PRODUITS RADIOPHARMACEUTIQUES,PRODUITS DE DIAGNOSTIC,924
,110,PRODUITS RADIOPHARMACEUTIQUES,PRODUITS DE DIAGNOSTIC,925
,111,PRODUITS RADIOPHARMACEUTIQUES,PRODUITS DE DIAGNOSTIC,926
804,,,,927
805,,,,928
806,,,,929
807,,,,930
808,,,,931
809,,,,932
810,,,,933
811,,,,934
812,,,,935
813,135,PREVENTION CARDIOVASCULAIRE,CARDIOLOGIE,936
814,,,,937
815,,,,938
816,,,,939
817,,,,940
818,,,,941
819,,,,942
820,,,,943
821,,,,944
822,,SCLEROSE EN PLAQUES,NEUROLOGIE,945
823,,,,946
824,189,ANTIDIABETIQUES ORAUX,DIABETE,947
825,189,ANTIDIABETIQUES ORAUX,DIABETE,948
826,189,ANTIDIABETIQUES ORAUX,DIABETE,949
827,189,ANTIDIABETIQUES ORAUX,DIABETE,950
828,127,AUTRES PRODUITS DE DIAGNOSTIC,PRODUIT DE DIAGNOSTIC,951
829,,,,952
830,202,ARTHROSE ET DIVERSES AFFECTIONS RHUMATISMALES,RHUMATOLOGIE,953
831,,,,954
832,,,,955
833,,,,956
834,,PROTECTEURS CUTANES,DERMATOLOGIE,957
835,,,,958
836,,,,959
837,86,ASTHME ET BRONCHOPNEUMOPATHIES CHRONIQUES,PNEUMOLOGIE,960
838,140,TRAITEMENTS DE FOND DES RHUMATISMES INFLAMMATOIRES,RHUMATOLOGIE,961
839,130,AUTRES PRODUITS DE DIAGNOSTIC,PRODUIT DE DIAGNOSTIC,962
840,,,,963
841,12,CANCER DE LA PROSTATE,UROLOGIE - NEPHROLOGIE,964
842,,,,965
843,61,PRODUITS RADIOPHARMACEUTIQUES,PRODUITS DE DIAGNOSTIC,966
843,111,PRODUITS RADIOPHARMACEUTIQUES,PRODUITS DE DIAGNOSTIC,967
844,,,,968
845,,,,969
846,,,,970
847,,,,971
848,,,,972
849,,MUCOLYTIQUES,PNEUMOLOGIE,973
850,140,PSORIASIS,DERMATOLOGIE,974
851,89,NEUROLEPTIQUES,PSYCHIATRIE,975
852,,,,976
853,,,,977
854,,,,978
855,,,,979
856,,,,980
857,68,ANTITUSSIFS,,981
858,,,,982
859,,,,983
860,76,ANTIHYPOTENSEURS,CARDIOLOGIE,984
861,,,,985
862,14,OTITES EXTERNES,OTO-RHINO-LARYNGOLOGIE,986
862,33,FORMES NASALES A VISEE ANTIBACTERIENNE ET OU ANTI INFLAMMATOIRE,OTO-RHINO-LARYNGOLOGIE,987
862,,ANTISEPTIQUES LOCAUX,DERMATOLOGIE,988
863,,ANTISEPTIQUES LOCAUX,STOMATOLOGIE,989
863,,HYGIENE BUCCODENTAIRE,STOMATOLOGIE,990
864,119,AUTRES PRODUITS DE DIAGNOSTIC,PRODUIT DE DIAGNOSTIC,991
865,,,,992
866,,,,993
867,,,,994
868,118,ANTIHYPERTENSEURS,CARDIOLOGIE,995
868,118,INSUFFISANCE CARDIAQUE ,CARDIOLOGIE,996
868,118,DIURETIQUES,UROLOGIE - NEPHROLOGIE,997
869,97,DERMOCORTICOIDES,DERMATOLOGIE,998
870,98,DERMOCORTICOIDES,DERMATOLOGIE,999
870,209,"CORTICOIDES, PREPARATIONS DERMATOLOGIQUES",MEDICAMENTS DERMATOLOGIQUES,1000
871,,,,1001
872,98,DERMOCORTICOIDES,DERMATOLOGIE,1002
872,210,"CORTICOIDES, PREPARATIONS DERMATOLOGIQUES",MEDICAMENTS DERMATOLOGIQUES,1003
873,,,,1004
874,,PROTECTEURS CUTANES,DERMATOLOGIE,1005
875,,ANTISEPTIQUES LOCAUX,DERMATOLOGIE,1006
876,20,ANTALGIQUES OPIOIDES,ANTALGIQUES - ANTIPYRETIQUES - ANTISPASMODIQUES,1007
877,30,ANTIARYTHMIQUES,CARDIOLOGIE,1008
878,,,,1009
879,,TRAITEMENTS SPECIFIQUES,TOXICOLOGIE,1010
880,,,,1011
881,,TRAITEMENTS DE FOND DES RHUMATISMES INFLAMMATOIRES,RHUMATOLOGIE,1012
881,,ANTIPHOTOSENSIBILISANTS,DERMATOLOGIE,1013
882,,,,1014
883,43,ANTIHISTAMINIQUE H1,ALLERGOLOGIE ,1015
883,,ANXIOLYTIQUES,PSYCHIATRIE,1016
884,,,,1017
885,,,,1018
886,,,,1019
887,,,,1020
888,4,ANTALGIQUES NON OPIOIDES,ANTALGIQUES - ANTIPYRETIQUES - ANTISPASMODIQUES,1021
888,5,AINS,ANTI-INFLAMMATOIRES,1022
888,5,AINS,RHUMATOLOGIE,1023
888,185,CARDIOPATHIE CONGENITALE,CARDIOLOGIE,1024
889,,,,1025
890,,PROTECTEURS CUTANES,DERMATOLOGIE,1026
891,,,,1027
892,,,,1028
893,,,,1029
894,,,,1030
895,,,,1031
896,,,,1032
897,181,HYPERTENSION ARTERIELLE PULMONAIRE,PNEUMOLOGIE,1033
898,,,,1034
899,,,,1035
900,,,,1036
901,41,ANTIDEPRESSEURS,PSYCHIATRIE,1037
901,139,ENURESIE,UROLOGIE - NEPHROLOGIE,1038
902,51,ANTINEOPLASIQUES,DERMATOLOGIE,1039
902,161,KERATOLYTIQUES,DERMATOLOGIE,1040
902,,CONDYLOMES ACUMINES,DERMATOLOGIE,1041
903,,,,1042
904,,,,1043
905,,,,1044
906,,,,1045
907,,,,1046
908,,,,1047
909,88,ASTHME ET BRONCHOPNEUMOPATHIES CHRONIQUES,PNEUMOLOGIE,1048
910,118,ANTIHYPERTENSEURS,CARDIOLOGIE,1049
910,118,DIURETIQUES,UROLOGIE - NEPHROLOGIE,1050
911,74,PRODUITS DE DIAGNOSTIC,RHUMATOLOGIE,1051
912,,,,1052
913,195,PRODUITS RADIOPHARMACEUTIQUES,PRODUITS DE DIAGNOSTIC,1053
914,111,PRODUITS RADIOPHARMACEUTIQUES,PRODUITS DE DIAGNOSTIC,1054
915,111,PRODUITS RADIOPHARMACEUTIQUES,PRODUITS DE DIAGNOSTIC,1055
,164,PRODUITS RADIOPHARMACEUTIQUES,PRODUITS DE DIAGNOSTIC,1056
916,8,AINS,ANTI-INFLAMMATOIRES,1057
916,8,AINS,RHUMATOLOGIE,1058
916,193,PRODUITS RADIOPHARMACEUTIQUES,PRODUITS DE DIAGNOSTIC,1059
917,140,TRAITEMENTS DE FOND DES RHUMATISMES INFLAMMATOIRES,RHUMATOLOGIE,1060
917,140,PSORIASIS,DERMATOLOGIE,1061
918,161,KERATOLYTIQUES,DERMATOLOGIE,1062
919,,,,1063
920,,,,1064
921,202,ARTHROSE ET DIVERSES AFFECTIONS RHUMATISMALES,RHUMATOLOGIE,1065
921,,SPECIALITES A VISEE TROPHIQUE,STOMATOLOGIE,1066
922,202,ARTHROSE ET DIVERSES AFFECTIONS RHUMATISMALES,RHUMATOLOGIE,1067
922,,SPECIALITES A VISEE TROPHIQUE,STOMATOLOGIE,1068
923,,,,1069
924,,,,1070
925,,,,1071
926,,,,1072
927,,,,1073
928,,,,1074
929,,,,1075
930,,,,1076
931,,,,1077
932,,,,1078
933,,,,1079
934,160,SCLEROSE EN PLAQUES,NEUROLOGIE,1080
935,,,,1081
936,111,PRODUITS RADIOPHARMACEUTIQUES,PRODUITS DE DIAGNOSTIC,1082
936,195,PRODUITS RADIOPHARMACEUTIQUES,PRODUITS DE DIAGNOSTIC,1083
937,174,IMAGERIE PAR RESONANCE MAGNETIQUE,PRODUITS DE DIAGNOSTIC,1084
938,170,IMAGERIE PAR RESONANCE MAGNETIQUE,PRODUITS DE DIAGNOSTIC,1085
939,172,IMAGERIE PAR RESONANCE MAGNETIQUE,PRODUITS DE DIAGNOSTIC,1086
939,174,IMAGERIE PAR RESONANCE MAGNETIQUE,PRODUITS DE DIAGNOSTIC,1087
940,,,,1088
941,,,,1089
942,111,PRODUITS RADIOPHARMACEUTIQUES,PRODUITS DE DIAGNOSTIC,1090
942,195,PRODUITS RADIOPHARMACEUTIQUES,PRODUITS DE DIAGNOSTIC,1091
943,172,IMAGERIE PAR RESONANCE MAGNETIQUE,PRODUITS DE DIAGNOSTIC,1092
943,174,IMAGERIE PAR RESONANCE MAGNETIQUE,PRODUITS DE DIAGNOSTIC,1093
944,169,IMAGERIE PAR RESONANCE MAGNETIQUE,PRODUITS DE DIAGNOSTIC,1094
944,171,IMAGERIE PAR RESONANCE MAGNETIQUE,PRODUITS DE DIAGNOSTIC,1095
944,172,IMAGERIE PAR RESONANCE MAGNETIQUE,PRODUITS DE DIAGNOSTIC,1096
944,173,IMAGERIE PAR RESONANCE MAGNETIQUE,PRODUITS DE DIAGNOSTIC,1097
944,174,IMAGERIE PAR RESONANCE MAGNETIQUE,PRODUITS DE DIAGNOSTIC,1098
945,169,IMAGERIE PAR RESONANCE MAGNETIQUE,PRODUITS DE DIAGNOSTIC,1099
945,171,IMAGERIE PAR RESONANCE MAGNETIQUE,PRODUITS DE DIAGNOSTIC,1100
945,172,IMAGERIE PAR RESONANCE MAGNETIQUE,PRODUITS DE DIAGNOSTIC,1101
945,174,IMAGERIE PAR RESONANCE MAGNETIQUE,PRODUITS DE DIAGNOSTIC,1102
946,169,IMAGERIE PAR RESONANCE MAGNETIQUE,PRODUITS DE DIAGNOSTIC,1103
946,171,IMAGERIE PAR RESONANCE MAGNETIQUE,PRODUITS DE DIAGNOSTIC,1104
946,174,IMAGERIE PAR RESONANCE MAGNETIQUE,PRODUITS DE DIAGNOSTIC,1105
946,175,IMAGERIE PAR RESONANCE MAGNETIQUE,PRODUITS DE DIAGNOSTIC,1106
947,174,IMAGERIE PAR RESONANCE MAGNETIQUE,PRODUITS DE DIAGNOSTIC,1107
948,,,,1108
949,36,RHINITE ALLERGIQUES,OTO-RHINO-LARYNGOLOGIE,1109
949,86,ASTHME ET BRONCHOPNEUMOPATHIES CHRONIQUES,PNEUMOLOGIE,1110
950,141,ANTIDEPRESSEURS,PSYCHIATRIE,1111
951,15,ANTIHYPERTENSEUR,CARDIOLOGIE,1112
951,15,INSUFFISANCE RENALE,UROLGIE - NEPHROLOGIE,1113
952,,,,1114
953,,,,1115
954,42,ANTIFONGIQUES LOCAUX,DERMATOLOGIE,1116
955,,,,1117
956,134,ANTIMYCOBACTERIENS,ANTIINFECTIEUX A USAGE SYSTEMIQUE,1118
957,192,INSUFFISANCE CARDIAQUE AIGUE,CARDIOLOGIE,1119
958,27,INSUFFISANCE CORONARIENNE AIGUE,CARDIOLOGIE,1120
958,107,INSUFFISANCE CARDIAQUE ,CARDIOLOGIE,1121
958,108,INSUFFISANCE CORONARIENNE,CARDIOLOGIE,1122
958,109,INSUFFISANCE CORONARIENNE,CARDIOLOGIE,1123
959,43,ANTIHISTAMINIQUE H1,ALLERGOLOGIE ,1124
960,,ANTIACNEIQUES,DERMATOLOGIE,1125
961,,,,1126
962,,,,1127
963,,,,1128
964,146,ANTIHYPERTENSEURS,CARDIOLOGIE,1129
965,,,,1130
966,62,INSUFFISANCE CORONARIENNE,CARDIOLOGIE,1131
967,168,MUCOVISCIDOSE,PNEUMOLOGIE,1132
968,,,,1133
969,,,,1134
970,140,PSORIASIS,DERMATOLOGIE,1135
971,,,,1136
972,,,,1137
973,42,ANTIFONGIQUES LOCAUX,DERMATOLOGIE,1138
974,4,ANTALGIQUES NON OPIOIDES,ANTALGIQUES - ANTIPYRETIQUES - ANTISPASMODIQUES,1139
974,5,AINS,ANTI-INFLAMMATOIRES,1140
974,5,AINS,RHUMATOLOGIE,1141
975,,,,1142
976,,ANTIHISTAMINIQUE H1,ALLERGOLOGIE ,1143
977,,,,1144
978,81,ANTIHYPERTENSEUR,CARDIOLOGIE,1145
979,146,ANTIHYPERTENSEURS,CARDIOLOGIE,1146
980,,ANTIEPILEPTIQUES,NEUROLOGIE,1147
981,,,,1148
982,,,,1149
983,,,,1150
984,,,,1151
985,,,,1152
986,,,,1153
987,,NORMOTHYMIQUES,PSYCHIATRIE,1154
987,,ANTIEPILEPTIQUES,NEUROLOGIE,1155
988,31,ANTIARYTHMIQUES,CARDIOLOGIE,1156
989,,,,1157
990,,,,1158
991,91,INSUFFISANCE RENALE,UROLGIE - NEPHROLOGIE,1159
992,,,,1160
993,,,,1161
994,,SCLEROSANTS VEINEUX,CARDIOLOGIE,1162
995,,,,1163
996,,,,1164
997,,,,1165
998,,,,1166
999,140,TRAITEMENTS DE FOND DES RHUMATISMES INFLAMMATOIRES,RHUMATOLOGIE,1167
1000,,,,1168
1001,,,,1169
1002,,,,1170
1003,,,,1171
1004,146,ANTIHYPERTENSEURS,CARDIOLOGIE,1172
1005,,,,1173
1006,,,,1174
1007,12,CANCER DE LA PROSTATE,UROLOGIE - NEPHROLOGIE,1175
1008,,ANTIEPILEPTIQUES,NEUROLOGIE,1176
1009,,,,1177
1010,,,,1178
1011,,,,1179
1012,,,,1180
1013,45,ANTIHISTAMINIQUE H1,ALLERGOLOGIE ,1181
1014,,,,1182
1015,,,,1183
1016,,,,1184
1017,177,NEUROLEPTIQUES,PSYCHIATRIE,1185
1018,,,,1186
1019,71,INSUFFISANCE CARDIAQUE AIGUE,CARDIOLOGIE,1187
1020,,,,1188
1021,14,OTITES EXTERNES,OTO-RHINO-LARYNGOLOGIE,1189
1021,14,PREPARATION ORO-BUCCALE ,OTO-RHINO-PHARYNGOLOGIE,1190
1021,30,ANTIARYTHMIQUES,CARDIOLOGIE,1191
1021,59,ANTALGIQUES ET/OU ANTI-INFLAMMATOIRES LOCAUX,STOMATOLOGIE,1192
1022,,,,1193
1023,,,,1194
1024,64,ANTIBACTERIENS A USAGE SYSTEMIQUES,ANTIINFECTIEUX GENERAUX A USAGE SYSTEMIQUE,1195
1025,,,,1196
1026,,ANALOGUES DU GLP-1,DIABETE,1197
1027,149,ANTIHYPERTENSEURS,CARDIOLOGIE,1198
1027,149,INSUFFISANCE CARDIAQUE ,CARDIOLOGIE,1199
1027,149,INSUFFISANCE RENALE,UROLGIE - NEPHROLOGIE,1200
1028,,,,1201
1029,,NORMOTHYMIQUES,PSYCHIATRIE,1202
1030,80,ANXIOLYTIQUES,PSYCHIATRIE,1203
1031,184,INFECTIONS URINAIRES,UROLOGIE-NEPHROLOGIE,1204
1032,,,,1205
1033,,,,1206
1034,,,,1207
1035,,,,1208
1036,,,,1209
1037,,,,1210
1038,80,HYPNOTIQUES,PSYCHIATRIE,1211
1039,45,ANTIHISTAMINIQUE H1,ALLERGOLOGIE ,1212
1040,80,ANXIOLYTIQUES,PSYCHIATRIE,1213
1041,80,HYPNOTIQUES,PSYCHIATRIE,1214
1042,15,PRÉVENTION CARDIOVASCULAIRE,CARDIOLOGIE,1215
1042,15,ANTIHYPERTENSEUR,CARDIOLOGIE,1216
1042,15,INSUFFISANCE CARDIAQUE ,CARDIOLOGIE,1217
1042,15,INSUFFISANCE RENALE,UROLGIE - NEPHROLOGIE,1218
1043,113,NEUROLEPTIQUES,PSYCHIATRIE,1219
1044,,,,1220
1045,,,,1221
1046,,,,1222
1047,100,ANTIACNEIQUES,DERMATOLOGIE,1223
1048,,,,1224
1049,,,,1225
1050,,,,1226
1051,,,,1227
1052,,,,1228
1053,,,,1229
1054,,,,1230
1055,,,,1231
1056,,MEDICAMENTS ADJUVANTS DANS LES AFFECTIONS ORL,OTO-RHINO-LARYNGOLOGIE,1232
1057,,,,1233
1058,117,DIURETIQUES,UROLOGIE - NEPHROLOGIE,1234
1059,41,ANTIDEPRESSEURS,PSYCHIATRIE,1235
1060,,,,1236
1061,,,,1237
1062,,,,1238
1063,,,,1239
1064,,,,1240
1065,,,,1241
1066,,,,1242
1067,11,ANTISEPTIQUES LOCAUX,DERMATOLOGIE,1243
1068,,,,1244
1069,,,,1245
1070,,,,1246
1071,,,,1247
1072,,,,1248
1073,,,,1249
1074,,,,1250
1075,,,,1251
1076,,,,1252
1077,,,,1253
1078,2,HYPNOTIQUES,PSYCHIATRIE,1254
1079,,,,1255
1080,,,,1256
1081,,,,1257
1082,6,AINS,ANTI-INFLAMMATOIRES,1258
1082,6,AINS,RHUMATOLOGIE,1259
1083,,,,1260
1084,,,,1261
1085,,,,1262
1086,,,,1263
1087,,,,1264
1088,40,ASTHME ET BRONCHOPNEUMOPATHIES CHRONIQUES,PNEUMOLOGIE,1265
1089,,,,1266
1090,43,ANTIHISTAMINIQUE H1,ALLERGOLOGIE ,1267
1091,,,,1268
1092,,,,1269
1093,,,,1270
1094,111,PRODUITS RADIOPHARMACEUTIQUES,PRODUITS DE DIAGNOSTIC,1271
1094,129,PRODUITS RADIOPHARMACEUTIQUES,PRODUITS DE DIAGNOSTIC,1272
1095,,,,1273
1096,,,,1274
1097,,,,1275
1098,83,ANTIDIABETIQUES ORAUX,DIABETE,1276
1099,104,ETATS DE DEPENDANCE,PSYCHIATRIE,1277
1100,,,,1278
1101,72,MYORELAXANTS,RHUMATOLOGIE,1279
1102,,TRAITEMENTS DE FOND DES RHUMATISMES INFLAMMATOIRES,RHUMATOLOGIE,1280
1102,,PSORIASIS,DERMATOLOGIE,1281
1103,178,DERMATITE ATOPIQUE,DERMATOLOGIE,1282
1103,,AGENT PHOTOSENSIBILISANT,DERMATOLOGIE,1283
1104,,,,1284
1105,,ANTALGIQUES NON OPIOIDES,ANTALGIQUES - ANTIPYRETIQUES - ANTISPASMODIQUES,1285
1106,,,,1286
1107,48,ANTIHYPERTENSEURS,CARDIOLOGIE,1287
1108,,AGENTS PHOTOSENSIBILISANTS,DERMATOLOGIE,1288
1109,119,AUTRES PRODUITS DE DIAGNOSTIC,PRODUIT DE DIAGNOSTIC,1289
1110,,,,1290
1111,,PSYCHOSTIMULANTS,PSYCHIATRIE,1291
1112,94,ASTHME ET BRONCHOPNEUMOPATHIES CHRONIQUES,PNEUMOLOGIE,1292
1112,,AIS,ANTI-INFLAMMATOIRES,1293
1113,,,,1294
1114,,TRAITEMENTS SPECIFIQUES,TOXICOLOGIE,1295
1115,,,,1296
1116,,,,1297
1117,81,ANTIHYPERTENSEUR,CARDIOLOGIE,1298
1117,81,INSUFFISANCE CARDIAQUE ,CARDIOLOGIE,1299
1117,81,INSUFFISANCE CORONARIENNE,CARDIOLOGIE,1300
1118,,,,1301
1119,138,PRODUITS DE DESINFECTION CANALAIRE,TOPIQUES UTILISES AU CABINET DENTAIRE,1302
1120,130,AUTRES PRODUITS DE DIAGNOSTIC,PRODUIT DE DIAGNOSTIC,1303
1121,,,,1304
1122,66,ANTIDEPRESSEURS,PSYCHIATRIE,1305
1123,,,,1306
1124,42,ANTIFONGIQUES LOCAUX,DERMATOLOGIE,1307
1124,,ANTIFONGIQUES LOCAUX,STOMATOLOGIE,1308
1125,79,ANTIEPILEPTIQUES,NEUROLOGIE,1309
1126,,,,1310
1127,191,ANTIHYPOTENSEURS,CARDIOLOGIE,1311
1128,,,,1312
1129,,,,1313
1130,,,,1314
1131,,,,1315
1132,,,,1316
1133,,,,1317
1134,153,ANTIDEPRESSEURS,PSYCHIATRIE,1318
1135,156,INSUFFISANCE CARDIAQUE AIGUE,CARDIOLOGIE,1319
1136,197,PARODONTITES,TOPIQUES UTILISES AU CABINET DENTAIRE,1320
1136,197,ANTIBIOTIQUES LOCAUX,STOMATOLOGIE,1321
1137,,ANTIHYPERTENSEURS,CARDIOLOGIE,1322
1137,,ANTI-ALOPÉCIQUES,DERMATOLOGIE,1323
1138,,VESSIE INSTABLE,UROLOGIE-NEPHROLOGIE,1324
1139,11,ANTISEPTIQUES LOCAUX,DERMATOLOGIE,1325
1140,,,,1326
1141,66,ANTIDEPRESSEURS,PSYCHIATRIE,1327
1142,,,,1328
1143,,,,1329
1144,,TUMEURS SUPERFICIELLES DE LA VESSIE,UROLOGIE-NEPHROLOGIE,1330
1145,,,,1331
1146,22,CANCER DE LA PROSTATE,UROLOGIE - NEPHROLOGIE,1332
1146,,SCLEROSE EN PLAQUES,NEUROLOGIE,1333
1147,,,,1334
1148,45,ANTIHISTAMINIQUE H1,ALLERGOLOGIE ,1335
1149,142,ANTIDEPRESSEURS,PSYCHIATRIE,1336
1150,,,,1337
1151,149,ANTIHYPERTENSEURS,CARDIOLOGIE,1338
1152,62,INSUFFISANCE CORONARIENNE,CARDIOLOGIE,1339
1153,94,ASTHME ET BRONCHOPNEUMOPATHIES CHRONIQUES,PNEUMOLOGIE,1340
1153,94,RHINITE ALLERGIQUES,OTO-RHINO-LARYNGOLOGIE,1341
1154,,,,1342
1155,,,PNEUMOLOGIE,1343
1156,50,ASTHME ET BRONCHOPNEUMOPATHIES CHRONIQUES,PNEUMOLOGIE,1344
1157,,,,1345
1158,,,,1346
1159,,,,1347
1160,20,ANTALGIQUES OPIOIDES,ANTALGIQUES - ANTIPYRETIQUES - ANTISPASMODIQUES,1348
1161,,,,1349
1162,,SYNDROME DE RAYNAUD,CARDIOLOGIE,1350
1163,48,ANTIHYPERTENSEURS,CARDIOLOGIE,1351
1164,33,ANTIBACTÉRIENS LOCAUX,DERMATOLOGIE,1352
1164,33,FORMES NASALES A VISEE ANTIBACTERIENNE ET OU ANTI INFLAMMATOIRE,OTO-RHINO-LARYNGOLOGIE,1353
1165,,,,1354
1166,,,,1355
1167,,,,1356
1168,,,,1357
1169,,,,1358
1170,5,AINS,ANTI-INFLAMMATOIRES,1359
1170,5,AINS,RHUMATOLOGIE,1360
1171,81,ANTIHYPERTENSEUR,CARDIOLOGIE,1361
1171,81,INSUFFISANCE CORONARIENNE,CARDIOLOGIE,1362
1172,132,INSUFFISANCE CORONARIENNE AIGUE,CARDIOLOGIE,1363
1173,,,,1364
1174,,,,1365
1175,206,CLAUDICATION INTERMITTENTE,CARDIOLOGIE,1366
1176,21,ANTALGIQUES OPIOIDES,ANTALGIQUES - ANTIPYRETIQUES - ANTISPASMODIQUES,1367
1177,102,ETATS DE DEPENDANCE,PSYCHIATRIE,1368
1178,,,,1369
1179,,TRAITEMENTS SPECIFIQUES,TOXICOLOGIE,1370
1180,102,ETATS DE DEPENDANCE,PSYCHIATRIE,1371
1180,104,ETATS DE DEPENDANCE,PSYCHIATRIE,1372
1181,,,,1373
1182,,,,1374
1183,4,ANTALGIQUES NON OPIOIDES,ANTALGIQUES - ANTIPYRETIQUES - ANTISPASMODIQUES,1375
1183,5,AINS,ANTI-INFLAMMATOIRES,1376
1183,5,AINS,RHUMATOLOGIE,1377
1184,,,,1378
1185,,SCLEROSE EN PLAQUES,NEUROLOGIE,1379
1186,81,ANTIHYPERTENSEUR,CARDIOLOGIE,1380
1186,81,INSUFFISANCE CARDIAQUE ,CARDIOLOGIE,1381
1187,,,,1382
1188,,ANTALGIQUES NON OPIOIDES,ANTALGIQUES - ANTIPYRETIQUES - ANTISPASMODIQUES,1383
1189,,,,1384
1190,,OTITES EXTERNES,OTO-RHINO-LARYNGOLOGIE,1385
1191,,,,1386
1192,,,,1387
1193,,,,1388
1194,33,FORMES NASALES A VISEE ANTIBACTERIENNE ET OU ANTI INFLAMMATOIRE,OTO-RHINO-LARYNGOLOGIE,1389
1194,136,CONGESTION NASALE,OTO-RHINO-LARYNGOLOGIE,1390
1195,,,,1391
1196,146,ANTIHYPERTENSEURS,CARDIOLOGIE,1392
1197,,,,1393
1198,,,,1394
1199,62,INSUFFISANCE CORONARIENNE,CARDIOLOGIE,1395
1200,,,,1396
1201,103,ETATS DE DEPENDANCE,PSYCHIATRIE,1397
1202,146,ANTIHYPERTENSEURS,CARDIOLOGIE,1398
1202,146,INSUFFISANCE CORONARIENNE,CARDIOLOGIE,1399
1202,146,SYNDROME DE RAYNAUD,CARDIOLOGIE,1400
1203,,,,1401
1204,,,,1402
1205,25,CANCER DE LA PROSTATE,UROLOGIE - NEPHROLOGIE,1403
1206,,,,1404
1207,,FIBROSE PULMONAIRE IDIOPATHIQUE,PNEUMOLOGIE,1405
1208,,,,1406
1209,,,,1407
1210,80,HYPNOTIQUES,PSYCHIATRIE,1408
1211,146,ANTIHYPERTENSEURS,CARDIOLOGIE,1409
1212,,INFECTIONS URINAIRES,UROLOGIE-NEPHROLOGIE,1410
1213,,,,1411
1214,,,,1412
1215,,,,1413
1216,,,,1414
1217,,,,1415
1218,111,PRODUITS RADIOPHARMACEUTIQUES,PRODUITS DE DIAGNOSTIC,1416
1219,80,ANXIOLYTIQUES,PSYCHIATRIE,1417
1220,,,,1418
1221,,,,1419
1222,,,,1420
1223,184,INFECTIONS URINAIRES,UROLOGIE-NEPHROLOGIE,1421
1224,,,,1422
1225,58,ANTITUSSIFS,PNEUMOLOGIE,1423
1226,,,,1424
1227,,ANTIFONGIQUES LOCAUX,STOMATOLOGIE,1425
1228,,,,1426
1229,,,,1427
1230,201,AFFECTIONS RETINIENNES,OPHTALMOLOGIE,1428
1231,,,,1429
1232,,,,1430
1233,,,,1431
1234,33,OTITES AVEC PERFORATION DU TYMPAN,OTO-RHINO-PHARYNGOLOGIE,1432
1234,184,INFECTIONS URINAIRES,UROLOGIE-NEPHROLOGIE,1433
1234,,FLUOROQUINOLONES,INFECTIOLOGIE,1434
1235,113,NEUROLEPTIQUES,PSYCHIATRIE,1435
1235,,NORMOTHYMIQUES,PSYCHIATRIE,1436
1236,,,,1437
1237,,,,1438
1238,,,,1439
1239,15,ANTIHYPERTENSEUR,CARDIOLOGIE,1440
1240,88,ASTHME ET BRONCHOPNEUMOPATHIES CHRONIQUES,PNEUMOLOGIE,1441
1241,,,,1442
1242,,,,1443
1243,40,ASTHME ET BRONCHOPNEUMOPATHIES CHRONIQUES,PNEUMOLOGIE,1444
1244,,,,1445
1245,42,ANTIFONGIQUES LOCAUX,DERMATOLOGIE,1446
1246,,,,1447
1247,,,,1448
1248,,,,1449
1249,,,,1450
1250,,,,1451
1251,,,,1452
1252,,,,1453
1253,,,,1454
1254,,,,1455
1255,,,,1456
1256,,,,1457
1257,,,,1458
1258,,,,1459
1259,80,ANXIOLYTIQUES,PSYCHIATRIE,1460
1260,,ANTIEPILEPTIQUES,NEUROLOGIE,1461
1261,57,ANTITUSSIFS,PNEUMOLOGIE,1462
1262,,,,1463
1263,42,ANTIFONGIQUES LOCAUX,DERMATOLOGIE,1464
1264,,,,1465
1265,56,ANTITUSSIFS,PNEUMOLOGIE,1466
1266,,,,1467
1267,,ANESTHESIQUES LOCAUX,OPHTALMOLOGIE,1468
1268,,VESSIE INSTABLE,UROLOGIE-NEPHROLOGIE,1469
1269,20,ANTALGIQUES OPIOIDES,ANTALGIQUES - ANTIPYRETIQUES - ANTISPASMODIQUES,1470
1270,,,,1471
1271,,OXYGENOTHERAPIE,PNEUMOLOGIE,1472
1272,204,CONGESTION NASALE,OTO-RHINO-LARYNGOLOGIE,1473
1273,,,,1474
1274,,,,1475
1275,,,,1476
1276,,,,1477
1277,,,,1478
1278,,,,1479
1279,,,,1480
1280,,NEUROLEPTIQUES,PSYCHIATRIE,1481
1281,,,,1482
1282,,,,1483
1283,,,,1484
1284,,,,1485
1285,,,,1486
1286,,,,1487
1287,,,,1488
1288,202,ARTHROSE ET DIVERSES AFFECTIONS RHUMATISMALES,RHUMATOLOGIE,1489
1288,,ANTALGIQUES NON OPIOIDES,ANTALGIQUES - ANTIPYRETIQUES - ANTISPASMODIQUES,1490
1289,,,,1491
1290,,PROTECTEURS CUTANES,DERMATOLOGIE,1492
1291,4,ANTALGIQUES NON OPIOIDES,ANTALGIQUES - ANTIPYRETIQUES - ANTISPASMODIQUES,1493
1292,152,ANTIDEPRESSEURS,PSYCHIATRIE,1494
1293,,,,1495
1294,,,,1496
1295,,,,1497
1296,,,,1498
1297,,,,1499
1298,,,,1500
1299,,,,1501
1300,,,,1502
1301,,,,1503
1302,,,,1504
1303,,,,1505
1304,,,,1506
1305,,,,1507
1306,179,OTITES EXTERNES,OTO-RHINO-LARYNGOLOGIE,1508
1307,,,,1509
1308,,,,1510
1309,101,TRAITEMENTS DE FOND DES RHUMATISMES INFLAMMATOIRES,RHUMATOLOGIE,1511
1309,,TRAITEMENTS SPECIFIQUES,TOXICOLOGIE,1512
1310,,,,1513
1311,,,,1514
1312,61,PRODUITS RADIOPHARMACEUTIQUES,PRODUITS DE DIAGNOSTIC,1515
1312,129,PRODUITS RADIOPHARMACEUTIQUES,PRODUITS DE DIAGNOSTIC,1516
1312,193,PRODUITS RADIOPHARMACEUTIQUES,PRODUITS DE DIAGNOSTIC,1517
1312,195,PRODUITS RADIOPHARMACEUTIQUES,PRODUITS DE DIAGNOSTIC,1518
1312,,TRAITEMENTS SPECIFIQUES,TOXICOLOGIE,1519
1313,,CYSTITES INTERSTITIELLES,UROLOGIE - NEPHROLOGIE,1520
1314,,,,1521
1315,206,CLAUDICATION INTERMITTENTE,CARDIOLOGIE,1522
1316,57,ANTITUSSIFS,PNEUMOLOGIE,1523
1317,,ANTIEPILEPTIQUES,NEUROLOGIE,1524
1318,149,ANTIHYPERTENSEURS,CARDIOLOGIE,1525
1318,149,INSUFFISANCE CARDIAQUE ,CARDIOLOGIE,1526
1318,149,INSUFFISANCE CORONARIENNE,CARDIOLOGIE,1527
1319,,ANTIPARASITAIRES EXTERNES,DERMATOLOGIE,1528
1320,,ANTIACNEIQUES,DERMATOLOGIE,1529
1321,,,,1530
1322,,,,1531
1323,20,ANTALGIQUES OPIOIDES,ANTALGIQUES - ANTIPYRETIQUES - ANTISPASMODIQUES,1532
1324,14,OTITES EXTERNES,OTO-RHINO-LARYNGOLOGIE,1533
1324,,PROTECTEURS CUTANES,DERMATOLOGIE,1534
1324,,MEDICAMENTS ADJUVANTS DANS LES AFFECTIONS ORL,OTO-RHINO-LARYNGOLOGIE,1535
1325,46,CONGESTION NASALE,OTO-RHINO-LARYNGOLOGIE,1536
1326,77,ANTIEPILEPTIQUES,NEUROLOGIE,1537
1327,,,,1538
1328,,,,1539
1329,,,,1540
1330,,TRAITEMENTS SPECIFIQUES,TOXICOLOGIE,1541
1331,,,,1542
1332,,,,1543
1333,30,ANTIARYTHMIQUES,CARDIOLOGIE,1544
1333,133,ANTIEPILEPTIQUES,NEUROLOGIE,1545
1334,,,,1546
1335,58,ANTITUSSIFS,PNEUMOLOGIE,1547
1336,,,,1548
1337,,,,1549
1338,,,,1550
1339,,,,1551
1340,,,,1552
1341,,,,1553
1342,35,MEDICAMENTS DE LA LITHIASE URINAIRE,UROLOGIE-NEPHROLOGIE,1554
1343,,TRAITEMENTS SPECIFIQUES,TOXICOLOGIE,1555
1344,,,,1556
1345,,,,1557
1346,,CORRECTEURS DES HYPOSIALIES,STOMATOLOGIE,1558
1347,,,,1559
1348,,,,1560
1349,,,,1561
1350,73,NEUROLEPTIQUES,PSYCHIATRIE,1562
1351,,,,1563
1352,,,,1564
1353,,,,1565
1354,127,AUTRES PRODUITS DE DIAGNOSTIC,PRODUIT DE DIAGNOSTIC,1566
1355,81,ANTIHYPERTENSEUR,CARDIOLOGIE,1567
1355,81,INSUFFISANCE CORONARIENNE,CARDIOLOGIE,1568
1356,89,NEUROLEPTIQUES,PSYCHIATRIE,1569
1357,,,,1570
1358,,,,1571
1359,,,,1572
1360,177,NEUROLEPTIQUES,PSYCHIATRIE,1573
1361,75,PSYCHOSTIMULANTS,PSYCHIATRIE,1574
1362,115,ANTIHYPERTENSEURS,CARDIOLOGIE,1575
1362,115,DIURETIQUES,UROLOGIE - NEPHROLOGIE,1576
1363,,FIBROSE PULMONAIRE IDIOPATHIQUE,PNEUMOLOGIE,1577
1364,,,,1578
1365,6,AINS,ANTI-INFLAMMATOIRES,1579
1365,6,AINS,RHUMATOLOGIE,1580
1366,,,,1581
1367,82,INFECTIONS URINAIRES,UROLOGIE-NEPHROLOGIE,1582
1368,,,,1583
1369,,,,1584
1370,,,,1585
1371,,,,1586
1372,,CONDYLOMES ACUMINES,DERMATOLOGIE,1587
1373,,EXPLORATION DE LA FONCTION RENALE,UROLOGIE-NEPHROLOGIE,1588
1374,,,,1589
1375,,OTITES EXTERNES,OTO-RHINO-LARYNGOLOGIE,1590
1376,,,,1591
1377,,,,1592
1378,165,INSUFFISANCE RENALE,UROLGIE - NEPHROLOGIE,1593
1379,,,,1594
1380,,,,1595
1381,,SURFACTANTS PULMONAIRES,PNEUMOLOGIE,1596
1382,,,,1597
1383,,,,1598
1384,116,INSUFFISANCE CARDIAQUE ,CARDIOLOGIE,1599
1384,116,DIURETIQUES,UROLOGIE - NEPHROLOGIE,1600
1385,,,,1601
1386,,,,1602
1387,,,,1603
1388,,,,1604
1389,,,,1605
1390,,,,1606
1391,,ANTISEPTIQUES LOCAUX,STOMATOLOGIE,1607
1391,,ANTISEPTIQUES LOCAUX,DERMATOLOGIE,1608
1391,,ANTIBACTÉRIENS LOCAUX,DERMATOLOGIE,1609
1392,,TRAITEMENTS SPECIFIQUES,TOXICOLOGIE,1610
1393,,,,1611
1394,,,,1612
1395,,,,1613
1396,,,,1614
1397,24,PREVENTION CARDIOVASCULAIRE,CARDIOLOGIE,1615
1398,135,PREVENTION CARDIOVASCULAIRE,CARDIOLOGIE,1616
1399,80,ANXIOLYTIQUES,PSYCHATRIE,1617
1400,,,,1618
1401,9,HYPERTROPHIE BENIGNE DE LA PROSTATE,UROLOGIE-NEPHROLOGIE,1619
1401,,ANTIHYPERTENSEURS,CARDIOLOGIE,1620
1401,,INSUFFISANCE CARDIAQUE,CARDIOLOGIE,1621
1401,,SYNDROME DE RAYNAUD,CARDIOLOGIE,1622
1402,94,ASTHME ET BRONCHOPNEUMOPATHIES CHRONIQUES,PNEUMOLOGIE,1623
1402,,AIS,ANTI-INFLAMMATOIRES,1624
1403,94,ASTHME ET BRONCHOPNEUMOPATHIES CHRONIQUES,PNEUMOLOGIE,1625
1403,,AIS,ANTI-INFLAMMATOIRES,1626
1404,69,ANXIOLYTIQUES,PSYCHIATRIE,1627
1404,,ANTIEPILEPTIQUES,NEUROLOGIE,1628
1405,,,,1629
1406,77,ANTIEPILEPTIQUES,NEUROLOGIE,1630
1407,,,,1631
1408,,,,1632
1409,,,,1633
1410,,,,1634
1411,,,,1635
1412,,,,1636
1413,,,,1637
1414,,,,1638
1415,,,,1639
1416,43,ANTIHISTAMINIQUE H1,ALLERGOLOGIE ,1640
1416,44,HYPNOTIQUE,PSYCHIATRIE,1641
1416,56,ANTITUSSIFS,PNEUMOLOGIE,1642
1417,30,ANTIARYTHMIQUES,CARDIOLOGIE,1643
1418,177,NEUROLEPTIQUES,PSYCHIATRIE,1644
1419,,,,1645
1420,31,ANTIARYTHMIQUES,CARDIOLOGIE,1646
1420,81,INSUFFISANCE CORONARIENNE,CARDIOLOGIE,1647
1420,81,HEMANGIOME INFANTILE,DERMATOLOGIE,1648
1421,,,,1649
1422,,,,1650
1423,,,,1651
1424,,,,1652
1425,,,,1653
1426,,,,1654
1427,,,,1655
1428,,,,1656
1429,,,,1657
1430,,,,1658
1431,130,AUTRES PRODUITS DE DIAGNOSTIC,PRODUIT DE DIAGNOSTIC,1659
1432,,,,1660
1433,,,,1661
1434,,,,1662
1435,205,CONGESTION NASALE,OTO-RHINO-LARYNGOLOGIE,1663
1436,,,,1664
1437,,,,1665
1438,67,ANTIMYCOBACTERIENS,ANTIINFECTIEUX A USAGE SYSTEMIQUE,1666
1439,,TRAITEMENTS SPECIFIQUES,TOXICOLOGIE,1667
1440,,ANTISEBORRHEIQUES,DERMATOLOGIE,1668
1441,,,,1669
1442,113,NEUROLEPTIQUES,PSYCHIATRIE,1670
1443,,,,1671
1444,149,ANTIHYPERTENSEURS,CARDIOLOGIE,1672
1444,149,INSUFFISANCE CARDIAQUE ,CARDIOLOGIE,1673
1445,,MYORELAXANTS,RHUMATOLOGIE,1674
1446,,SCLEROSANTS VEINEUX,CARDIOLOGIE,1675
1447,,,,1676
1448,,,,1677
1449,,,,1678
1450,,,,1679
1451,,,,1680
1452,,TEI,RHUMATOLOGIE,1681
1453,,,,1682
1454,,,,1683
1455,149,ANTIHYPERTENSEURS,CARDIOLOGIE,1684
1455,149,INSUFFISANCE CARDIAQUE ,CARDIOLOGIE,1685
1455,149,PREVENTION CARDIOVASCULAIRE,CARDIOLOGIE,1686
1455,149,INSUFFISANCE RENALE,UROLGIE - NEPHROLOGIE,1687
1456,,,,1688
1457,1,AFFECTIONS RETINIENNES,OPHTALMOLOGIE,1689
1457,186,AFFECTIONS RETINIENNES,OPHTALMOLOGIE,1690
1458,,,,1691
1459,,,,1692
1460,,,,1693
1461,126,AUTRES PRODUITS DE DIAGNOSTIC,PRODUIT DE DIAGNOSTIC,1694
1462,,,,1695
1463,,,,1696
1464,,,,1697
1465,131,ANTIABETIQUES ORAUX,DIABETE,1698
1466,,,,1699
1467,40,ASTHME ET BRONCHOPNEUMOPATHIES CHRONIQUES,PNEUMOLOGIE,1700
1468,,,,1701
1469,,MEDICAMENTS ADJUVANTS DANS LES AFFECTIONS ORL,OTO-RHINO-LARYNGOLOGIE,1702
1470,111,PRODUITS RADIOPHARMACEUTIQUES,PRODUITS DE DIAGNOSTIC,1703
,128,PRODUITS RADIOPHARMACEUTIQUES,PRODUITS DE DIAGNOSTIC,1704
,193,PRODUITS RADIOPHARMACEUTIQUES,PRODUITS DE DIAGNOSTIC,1705
1471,,,,1706
1472,,,,1707
1473,,,,1708
1474,,,,1709
1475,34,ANTITUBERCULEUX,ANTIINFECTIEUX A USAGE SYSTEMIQUE,1710
1476,33,OTITES AVEC PERFORATION DU TYMPAN,OTO-RHINO-PHARYNGOLOGIE,1711
1476,34,ANTIMYCOBACTERIENS,ANTIINFECTIEUX A USAGE SYSTEMIQUE,1712
1477,,,,1713
1478,48,ANTIHYPERTENSEURS,CARDIOLOGIE,1714
1479,,,,1715
1480,,,,1716
1481,188,HYPERTENSION ARTERIELLE PULMONAIRE,PNEUMOLOGIE,1717
1482,,,,1718
1483,,NEUROLEPTIQUES,PSYCHIATRIE,1719
1484,,,,1720
1485,140,TRAITEMENTS DE FOND DES RHUMATISMES INFLAMMATOIRES,RHUMATOLOGIE,1721
1486,37,PREVENTION CARDIOVASCULAIRE,CARDIOLOGIE,1722
1487,,,,1723
1488,,,,1724
1489,,,,1725
1490,,,,1726
1491,,,,1727
1492,,,,1728
1493,,,,1729
1494,,,,1730
1495,,,,1731
1496,,,,1732
1497,135,PREVENTION CARDIOVASCULAIRE,CARDIOLOGIE,1733
1498,,,,1734
1499,,,,1735
1500,,ANTIEPILEPTIQUES,NEUROLOGIE,1736
1501,45,ANTIHISTAMINIQUE H1,ALLERGOLOGIE ,1737
1502,,,,1738
1503,,,,1739
1504,,,,1740
1505,,,,1741
1506,,MEDICAMENTS ADJUVANTS DANS LES AFFECTIONS ORL,OTO-RHINO-LARYNGOLOGIE,1742
1507,144,INSUFFISANCE CARDIAQUE ,CARDIOLOGIE,1743
1508,,,,1744
1509,87,ASTHME ET BRONCHOPNEUMOPATHIES CHRONIQUES,PNEUMOLOGIE,1745
1510,,,,1746
1511,,,,1747
1512,,,,1748
1513,,,,1749
1514,88,ASTHME ET BRONCHOPNEUMOPATHIES CHRONIQUES,PNEUMOLOGIE,1750
1515,,,,1751
1516,,,,1752
1517,,,,1753
1518,,,,1754
1519,140,TRAITEMENTS DE FOND DES RHUMATISMES INFLAMMATOIRES,RHUMATOLOGIE,1755
1520,150,ANTIDIABETIQUES ORAUX,DIABETE,1756
1521,,,,1757
1522,,,,1758
1523,,,,1759
1524,140,TRAITEMENTS DE FOND DES RHUMATISMES INFLAMMATOIRES,RHUMATOLOGIE,1760
1524,140,PSORIASIS,DERMATOLOGIE,1761
1525,,,,1762
1526,,,,1763
1527,3,HYPERTENSION ARTERIELLE PULMONAIRE,PNEUMOLOGIE,1764
1528,,ANALOGUES DU GLP-1,DIABETE,1765
1529,,,,1766
1530,,,,1767
1531,,,,1768
1532,,,,1769
1533,,,,1770
1534,,,,1771
1535,,,,1772
1536,,,,1773
1537,,,,1774
1538,,,,1775
1539,42,ANTIFONGIQUES LOCAUX,DERMATOLOGIE,1776
1540,137,ANTIDEPRESSEURS,PSYCHIATRIE,1777
1541,91,INSUFFISANCE RENALE,UROLGIE - NEPHROLOGIE,1778
1542,,,,1779
1543,143,DYSFONCTION ERERCTILE,UROLOGIE - NEPHROLOGIE,1780
1543,151,HYPERTENSION ARTERIELLE PULMONAIRE,PNEUMOLOGIE,1781
1544,,,,1782
1545,9,HYPERTROPHIE BENIGNE DE LA PROSTATE,UROLOGIE-NEPHROLOGIE,1783
1546,,,,1784
1547,,,,1785
1548,,,,1786
1549,,,,1787
1550,,,,1788
1551,135,PREVENTION CARDIOVASCULAIRE,CARDIOLOGIE,1789
1552,,,,1790
1553,150,ANTIDIABETIQUES ORAUX,DIABETE,1791
1554,,,,1792
1555,,,,1793
1556,,,,1794
1557,,,,1795
1558,84,EPURATION EXTRARENALE,UROLOGIE-NEPHROLOGIE,1796
1559,,,,1797
1560,,HYGIENE BUCCODENTAIRE,STOMATOLOGIE,1798
1561,,,,1799
1562,111,PRODUITS RADIOPHARMACEUTIQUES,PRODUITS DE DIAGNOSTIC,1800
1562,195,PRODUITS RADIOPHARMACEUTIQUES,PRODUITS DE DIAGNOSTIC,1801
1562,196,PRODUITS RADIOPHARMACEUTIQUES,PRODUITS DE DIAGNOSTIC,1802
1563,,,,1803
1564,202,ARTHROSE ET DIVERSES AFFECTIONS RHUMATISMALES,RHUMATOLOGIE,1804
1565,,,,1805
1566,,,,1806
1567,200,PRODUITS RADIOPHARMACEUTIQUES,PRODUITS DE DIAGNOSTIC,1807
1568,,,,1808
1569,,,,1809
1570,,,,1810
1571,,,,1811
1572,,,,1812
1573,,,,1813
1574,,MEDICAMENTS ADJUVANTS DANS LES AFFECTIONS ORL,OTO-RHINO-LARYNGOLOGIE,1814
1575,111,PRODUITS RADIOPHARMACEUTIQUES,PRODUITS DE DIAGNOSTIC,1815
1575,128,PRODUITS RADIOPHARMACEUTIQUES,PRODUITS DE DIAGNOSTIC,1816
1576,,,,1817
1577,,,,1818
1578,60,PRODUITS RADIOPHARMACEUTIQUES,PRODUITS DE DIAGNOSTIC,1819
1578,193,PRODUITS RADIOPHARMACEUTIQUES,PRODUITS DE DIAGNOSTIC,1820
1579,,,,1821
1580,,,,1822
1581,,,,1823
1582,,MEDICAMENTS ADJUVANTS DANS LES AFFECTIONS ORL,OTO-RHINO-LARYNGOLOGIE,1824
1583,,SCLEROSANTS VEINEUX,CARDIOLOGIE,1825
1584,,MEDICAMENTS ADJUVANTS DANS LES AFFECTIONS ORL,OTO-RHINO-LARYNGOLOGIE,1826
1585,,,,1827
1586,,,,1828
1587,,,,1829
1588,,VESSIE INSTABLE,UROLOGIE-NEPHROLOGIE,1830
1589,130,AUTRES PRODUITS DE DIAGNOSTIC,PRODUIT DE DIAGNOSTIC,1831
1590,,,,1832
1591,,,,1833
1592,,,,1834
1593,,,,1835
1594,,,,1836
1595,81,ANTIHYPERTENSEUR,CARDIOLOGIE,1837
1596,,,,1838
1597,,MEDICAMENTS ADJUVANTS DANS LES AFFECTIONS ORL,OTO-RHINO-LARYNGOLOGIE,1839
1598,180,IMAGERIE PAR RESONANCE MAGNETIQUE,PRODUITS DE DIAGNOSTIC,1840
1599,,,,1841
1600,116,ANTIHYPERTENSEURS,CARDIOLOGIE,1842
1600,116,INSUFFISANCE CARDIAQUE ,CARDIOLOGIE,1843
1600,116,DIURETIQUES,UROLOGIE - NEPHROLOGIE,1844
1601,,,,1845
1602,,ANTIEPILEPTIQUES,NEUROLOGIE,1846
1603,10,ANTIBACTERIENS A USAGE SYSTEMIQUE,ANTIINFECTIEUX A USAGE SYSTEMIQUE,1847
1604,,,,1848
1605,111,PRODUITS RADIOPHARMACEUTIQUES,PRODUITS DE DIAGNOSTIC,1849
1605,129,PRODUITS RADIOPHARMACEUTIQUES,PRODUITS DE DIAGNOSTIC,1850
1605,,TRAITEMENTS SPECIFIQUES,TOXICOLOGIE,1851
1606,,,,1852
1607,,,,1853
1608,20,ANTALGIQUES OPIOIDES,ANTALGIQUES - ANTIPYRETIQUES - ANTISPASMODIQUES,1854
1609,,TRAITEMENTS SPECIFIQUES,TOXICOLOGIE,1855
1610,,,,1856
1611,75,PSYCHOSTIMULANTS,PSYCHIATRIE,1857
1612,190,ANTIBACTÉRIENS LOCAUX,DERMATOLOGIE,1858
1612,,TRAITEMENTS DE FOND DES RHUMATISMES INFLAMMATOIRES,RHUMATOLOGIE,1859
1613,65,INFECTIONS URINAIRES,UROLOGIE-NEPHROLOGIE,1860
1614,,SULFAMIDES,INFECTIOLOGIE,1861
1615,,,,1862
1616,,,,1863
1617,,,,1864
1618,42,ANTIFONGIQUES LOCAUX,DERMATOLOGIE,1865
1619,8,AINS,ANTI-INFLAMMATOIRES,1866
1619,8,AINS,RHUMATOLOGIE,1867
1620,78,NEUROLEPTIQUES,PSYCHIATRIE,1868
1621,,,,1869
1622,,,,1870
1623,,,,1871
1624,,,,1872
1625,,,,1873
1626,13,PSORIASIS,DERMATOLOGIE,1874
1627,140,DERMATITE ATOPIQUE,DERMATOLOGIE,1875
1628,143,DYSFONCTION ERERCTILE,UROLOGIE - NEPHROLOGIE,1876
1628,151,HYPERTENSION ARTERIELLE PULMONAIRE,PNEUMOLOGIE,1877
1629,,,,1878
1630,,PROTECTEURS CUTANES,DERMATOLOGIE,1879
1631,,,,1880
1632,9,HYPERTROPHIE BENIGNE DE LA PROSTATE,UROLOGIE-NEPHROLOGIE,1881
1633,20,ANTALGIQUES OPIOIDES,ANTALGIQUES - ANTIPYRETIQUES - ANTISPASMODIQUES,1882
1634,,,,1883
1635,,,,1884
1636,,,,1885
1637,,,,1886
1638,,,,1887
1639,,,,1888
1640,,,,1889
1641,,,,1890
1642,15,ANTIHYPERTENSEUR,CARDIOLOGIE,1891
1642,162,ANTAGONISTE DE L'ANGIOTENSINE II,PRÉVENTION CARDIOVASCULAIRE,1892
1643,,,,1893
1644,,,,1894
1645,,,,1895
1646,,,,1896
1647,,,,1897
1648,,,,1898
1649,6,AINS,ANTI-INFLAMMATOIRES,1899
1649,6,AINS,RHUMATOLOGIE,1900
1650,9,HYPERTROPHIE BENIGNE DE LA PROSTATE,UROLOGIE-NEPHROLOGIE,1901
1651,42,ANTIFONGIQUES LOCAUX,DERMATOLOGIE,1902
1652,87,ASTHME ET BRONCHOPNEUMOPATHIES CHRONIQUES,PNEUMOLOGIE,1903
1653,,,,1904
1654,,SCLEROSE EN PLAQUES,NEUROLOGIE,1905
1655,,OSTEOPOROSE,RHUMATOLOGIE,1906
1656,,,,1907
1657,,,,1908
1658,81,ANTIHYPERTENSEUR,CARDIOLOGIE,1909
1659,,,,1910
1660,,,,1911
1661,14,PREPARATION ORO-BUCCALE ,OTO-RHINO-PHARYNGOLOGIE,1912
1661,,ANESTHESIQUES LOCAUX,OPHTALMOLOGIE,1913
1662,130,AUTRES PRODUITS DE DIAGNOSTIC,PRODUIT DE DIAGNOSTIC,1914
1662,,ANTIEPILEPTIQUES,NEUROLOGIE,1915
1663,,,,1916
1664,60,PRODUITS RADIOPHARMACEUTIQUES,PRODUITS DE DIAGNOSTIC,1917
1664,111,PRODUITS RADIOPHARMACEUTIQUES,PRODUITS DE DIAGNOSTIC,1918
1664,200,PRODUITS RADIOPHARMACEUTIQUES,PRODUITS DE DIAGNOSTIC,1919
1665,,,,1920
1666,60,PRODUITS RADIOPHARMACEUTIQUES,PRODUITS DE DIAGNOSTIC,1921
1666,111,PRODUITS RADIOPHARMACEUTIQUES,PRODUITS DE DIAGNOSTIC,1922
1667,,,,1923
1668,60,PRODUITS RADIOPHARMACEUTIQUES,PRODUITS DE DIAGNOSTIC,1924
1668,111,PRODUITS RADIOPHARMACEUTIQUES,PRODUITS DE DIAGNOSTIC,1925
1669,,,,1926
1670,,,,1927
1671,,,,1928
1672,,,,1929
1673,,MYORELAXANTS,RHUMATOLOGIE,1930
1674,,,,1931
1675,,TUMEURS SUPERFICIELLES DE LA VESSIE,UROLOGIE-NEPHROLOGIE,1932
1676,,,,1933
1677,,,,1934
1678,,,,1935
1679,,,,1936
1680,,,,1937
1681,111,PRODUITS RADIOPHARMACEUTIQUES,PRODUITS DE DIAGNOSTIC,1938
1681,200,PRODUITS RADIOPHARMACEUTIQUES,PRODUITS DE DIAGNOSTIC,1939
1682,,ANTIEPILEPTIQUES,NEUROLOGIE,1940
1683,66,ANTIDEPRESSEURS,PSYCHIATRIE,1941
1684,78,NEUROLPETIQUES,PSYCHIATRIE,1942
1685,,,,1943
1686,24,PREVENTION CARDIOVASCULAIRE,CARDIOLOGIE,1944
1687,,,,1945
1688,24,PREVENTION CARDIOVASCULAIRE,CARDIOLOGIE,1946
1689,,,,1947
1690,,,,1948
1691,,,,1949
1692,,,,1950
1693,,,,1951
1694,,,,1952
1695,111,PRODUITS RADIOPHARMACEUTIQUES,PRODUITS DE DIAGNOSTIC,1953
1696,81,INSUFFISANCE CORONARIENNE,CARDIOLOGIE,1954
1696,81,ANTIHYPERTENSEUR,CARDIOLOGIE,1955
1697,,,,1956
1698,,,,1957
1699,42,ANTIFONGIQUES LOCAUX,DERMATOLOGIE,1958
1700,,,,1959
1701,,MEDICAMENTS DE LA LITHIASE URINAIRE,UROLOGIE-NEPHROLOGIE,1960
1702,86,ASTHME ET BRONCHOPNEUMOPATHIES CHRONIQUES,PNEUMOLOGIE,1961
1703,,,,1962
1704,,,,1963
1705,,,,1964
1706,17,INSUFFISANCE CORONARIENNE AIGUE,CARDIOLOGIE,1965
1707,,,,1966
1708,,PROTECTEURS CUTANES,DERMATOLOGIE,1967
1709,,,,1968
1710,94,CONGESTION NASALE,OTO-RHINO-LARYNGOLOGIE,1969
1710,94,PREPARATION ORO-BUCCALE ,OTO-RHINO-PHARYNGOLOGIE,1970
1710,94,RHINITE ALLERGIQUES,OTO-RHINO-LARYNGOLOGIE,1971
1711,,,,1972
1712,,,,1973
1713,140,TRAITEMENTS DE FOND DES RHUMATISMES INFLAMMATOIRES,RHUMATOLOGIE,1974
1714,,,,1975
1715,140,TRAITEMENTS DE FOND DES RHUMATISMES INFLAMMATOIRES,RHUMATOLOGIE,1976
1716,,,,1977
1717,,VESSIE INSTABLE,UROLOGIE-NEPHROLOGIE,1978
1718,,POLYKYSTOSE RENALE AUTOSOMIQUE DOMINANTE,UROLOGIE-NEPHROLOGIE,1979
1719,,ANTIEPILEPTIQUES,NEUROLOGIE,1980
1720,,,,1981
1721,,,,1982
1722,,VESSIE INSTABLE,UROLOGIE-NEPHROLOGIE,1983
1723,,,,1984
1724,,,,1985
1725,19,ANTALGIQUES OPIOIDES,ANTALGIQUES - ANTIPYRETIQUES - ANTISPASMODIQUES,1986
1726,,,,1987
1727,149,ANTIHYPERTENSEURS,CARDIOLOGIE,1988
1727,149,INSUFFISANCE CARDIAQUE ,CARDIOLOGIE,1989
1728,,,,1990
1729,,,,1991
1730,181,HYPERTENSION ARTERIELLE PULMONAIRE,PNEUMOLOGIE,1992
1731,161,KERATOLYTIQUES,DERMATOLOGIE,1993
1731,,ANTIACNEIQUES,DERMATOLOGIE,1994
1732,94,RHINITE ALLERGIQUES,OTO-RHINO-LARYNGOLOGIE,1995
1732,,AIS,ANTI-INFLAMMATOIRES,1996
1733,,,,1997
1734,,,,1998
1735,,ANTISEPTIQUES LOCAUX,DERMATOLOGIE,1999
1736,,,,2000
1737,,,,2001
1738,,,,2002
1739,135,PREVENTION CARDIOVASCULAIRE,CARDIOLOGIE,2003
1740,,,,2004
1741,,,,2005
1742,62,INSUFFISANCE CORONARIENNE,CARDIOLOGIE,2006
1743,,INFECTIONS URINAIRES,UROLOGIE-NEPHROLOGIE,2007
1744,,,,2008
1745,41,ANTIDEPRESSEURS,PSYCHIATRIE,2009
1746,108,INSUFFISANCE CORONARIENNE,CARDIOLOGIE,2010
1747,63,ANTIARYTHMIQUES,CARDIOLOGIE,2011
1747,70,ARTHROSE ET DIVERSES AFFECTIONS RHUMATISMALES,RHUMATOLOGIE,2012
1748,,,,2013
1749,12,CANCER DE LA PROSTATE,UROLOGIE - NEPHROLOGIE,2014
1749,,DEVIANCES SEXUELLES,PSYCHIATRIE,2015
1750,,PROTECTEURS CUTANES,DERMATOLOGIE,2016
1751,,,,2017
1752,,,,2018
1753,,,,2019
1754,,VESSIE INSTABLE,UROLOGIE-NEPHROLOGIE,2020
1755,,,,2021
1756,,,,2022
1757,,,,2023
1758,,,,2024
1759,,,,2025
1760,86,ASTHME ET BRONCHOPNEUMOPATHIES CHRONIQUES,PNEUMOLOGIE,2026
1761,,ANTIHYPERTENSEURS,CARDIOLOGIE,2027
1762,,,,2028
1763,,,,2029
1764,,,,2030
1765,,,,2031
1766,,,,2032
1767,140,TRAITEMENTS DE FOND DES RHUMATISMES INFLAMMATOIRES,RHUMATOLOGIE,2033
1767,140,PSORIASIS,DERMATOLOGIE,2034
1768,,,,2035
1769,,,,2036
1770,,,,2037
1771,,,,2038
1772,,,,2039
1773,,,,2040
1774,,ANTIEPILEPTIQUES,NEUROLOGIE,2041
1775,,,,2042
1776,,NORMOTHYMIQUES,PSYCHIATRIE,2043
1777,15,ANTIHYPERTENSEUR,CARDIOLOGIE,2044
1777,15,INSUFFISANCE CARDIAQUE ,CARDIOLOGIE,2045
1778,,,,2046
1779,,,,2047
1780,143,DYSFONCTION ERERCTILE,UROLOGIE - NEPHROLOGIE,2048
1781,106,ETAT DE DEPENDANCE,PSYCHIATRIE,2049
1782,,PROTECTEURS CUTANES,DERMATOLOGIE,2050
1783,,,,2051
1784,,,,2052
1785,,,,2053
1786,,,,2054
1787,,,,2055
1788,,,,2056
1789,153,ANTIDEPRESSEURS,PSYCHIATRIE,2057
1790,32,ANTIARYTHMIQUES,CARDIOLOGIE,2058
1790,146,INSUFFISANCE CORONARIENNE,CARDIOLOGIE,2059
1791,,,,2060
1792,74,PRODUITS DE DIAGNOSTIC,RHUMATOLOGIE,2061
1793,1,AFFECTIONS RETINIENNES,OPHTALMOLOGIE,2062
1794,,ANTIEPILEPTIQUES,NEUROLOGIE,2063
1795,,,,2064
1796,,,,2065
1797,150,ANTIDIABETIQUES ORAUX,DIABETE,2066
1798,,,,2067
1799,,,,2068
1800,,,,2069
1801,,,,2070
1802,,,,2071
1803,,,,2072
1804,,,,2073
1805,,,,2074
1806,,,,2075
1807,,,,2076
1808,,,,2077
1809,,,,2078
1810,,,,2079
1811,,,,2080
1812,,,,2081
1813,,,,2082
1814,122,AFFECTIONS RETINIENNES,OPHTALMOLOGIE,2083
1815,,,,2084
1816,66,ANTIDEPRESSEUR,PSYCHIATRIE,2085
1817,,,,2086
1818,37,PREVENTION CARDIOVASCULAIRE,CARDIOLOGIE,2087
1819,,,,2088
1820,,BOUCHON DE CERUMEN,OTO-RHINO-LARYNGOLOGIE,2089
1821,143,DYSFONCTION ERERCTILE,UROLOGIE - NEPHROLOGIE,2090
1822,119,AUTRES PRODUITS DE DIAGNOSTIC,PRODUIT DE DIAGNOSTIC,2091
1823,,ANTALGIQUES NON OPIOIDES,ANTALGIQUES - ANTIPYRETIQUES - ANTISPASMODIQUES,2092
1824,,,,2093
1825,,ANTIACNEIQUES,DERMATOLOGIE,2094
1826,,PROTECTEURS CUTANES,DERMATOLOGIE,2095
1827,,PROTECTEURS CUTANES,DERMATOLOGIE,2096
1828,,ANTISEPTIQUES LOCAUX,DERMATOLOGIE,2097
1829,,,,2098
1830,149,ANTIHYPERTENSEURS,CARDIOLOGIE,2099
1830,149,INSUFFISANCE CARDIAQUE ,CARDIOLOGIE,2100
1831,,,,2101
1832,,HYPNOTIQUES,PSYCHIATRIE,2102
1833,,ANTIEPILEPTIQUES,NEUROLOGIE,2103
1834,,HYPNOTIQUES,PSYCHIATRIE,2104
1835,198,NEUROLEPTIQUE,PSYCHIATRIE,2105
1836,,,,2106
