ABACAVIR,http://base-donnees-publique.medicaments.gouv.fr/affichageDoc.php?specid=62401060&typedoc=R,TEST,1
ABATACEPT,,,2
ABCIXIMAB,,,3
ABEMACICLIB,,,4
ABIRATERONE,,,5
ACAMPROSATE,,,6
ACARBOSE,http://base-donnees-publique.medicaments.gouv.fr/affichageDoc.php?specid=68371745&typedoc=R,TEST,7
ACEBUTOLOL,,,8
ACECLOFENAC,,,9
ACENOCOUMAROL,,,10
ACETAZOLAMIDE,,,11
ACETYLCHOLINE,,,12
ACETYLCYSTEINE,,,13
ACETYLLEUCINE,,,14
ACETYLSALICYLATE DE LYSINE ,,,15
ACHILLEE MILLEFEUILLE SOMMITE FLEURIE,,,16
ACICLOVIR,,,17
ACIDE (5)-AMINOLEVULINIQUE CHLORHYDRATE,,,18
"ACIDE 3,3 DIPHOSPHONO 1,2 PROPANEDICARBOXYLIQUE SEL TETRASODIQUE",,,19
ACIDE ACETYLSALICYLIQUE,,,20
ACIDE ACORBIQUE,,,21
ACIDE ALENDRONIQUE,,,22
ACIDE AMINES,,,23
ACIDE ASCORBIQUE,,,24
ACIDE AZELAIQUE,,,25
ACIDE BORIQUE,,,26
ACIDE CARGLUMIQUE,,,27
ACIDE CHENODESOXYCHOLIQUE,,,28
ACIDE CHOLIQUE,,,29
ACIDE CITRIQUE,,,30
ACIDE CLAVULANIQUE,http://base-donnees-publique.medicaments.gouv.fr/affichageDoc.php?specid=63565244&typedoc=R,TEST,31
ACIDE CLODRONIQUE,,,32
ACIDE CROMOGLICIQUE,http://base-donnees-publique.medicaments.gouv.fr/affichageDoc.php?specid=64718579&typedoc=R,TEST,33
ACIDE DIMERCAPTOSUCCINIQUE,,,34
ACIDE DL MALIQUE,,,35
ACIDE EDETIQUE,,,36
ACIDE FLAVODIQUE,,,37
ACIDE FOLINIQUE,,,38
ACIDE FOLIQUE,,,39
ACIDE FUSIDIQUE,,,40
ACIDE GADOBENIQUE,,,41
ACIDE GADOPENTETIQUE,,,42
ACIDE GADOTERIQUE,,,43
ACIDE IBANDRONIQUE,,,44
ACIDE IOXITALAMIQUE SEL DE MEGLUMINE,,,45
ACIDE IOXITALAMIQUE SEL DE NA,,,46
ACIDE L GLUTAMIQUE,,,47
ACIDE L-FOLINIQUE,,,48
ACIDE LACTIQUE,,,49
ACIDE MEFENAMIQUE,,,50
ACIDE NIFLUMIQUE,,,51
ACIDE OBETICHOLIQUE,,,52
ACIDE OXIDRONIQUE,,,53
ACIDE PAMIDRONIQUE,,,54
ACIDE PARA AMINOBENZOIQUE,,,55
ACIDE PARA-AMINOSALICYLIQUE,http://base-donnees-publique.medicaments.gouv.fr/extrait.php?specid=64667202,,56
ACIDE PARA-HYDROXYCINNAMIQUE,,,57
ACIDE PENTETIQUE,,,58
ACIDE PHOSPHORIQUE,,,59
ACIDE RISEDRONIQUE,,,60
ACIDE SALICYLIQUE,,,61
ACIDE SPAGLUMIQUE,,,62
ACIDE TANNIQUE,,,63
ACIDE TARTRIQUE,,,64
ACIDE TENOIQUE SEL D'ETHANOLAMINE,,,65
ACIDE TIAPROFENIQUE,,,66
ACIDE TRANEXAMIQUE,,,67
ACIDE UNDECYLENIQUE,,,68
ACIDE URSODESOXYCHOLIQUE,,,69
ACIDE ZOLEDRONIQUE,,,70
ACITRETINE,,,73
ADALIMUMAB,https://ec.europa.eu/health/documents/community-register/2019/20190429144731/anx_144731_fr.pdf,TEST,74
ADAPALENE,,,75
ADEFOVIR DIPIVOXIL,,,76
ADENOSINE,,,77
AESCINE,,,80
AFATINIB,,,81
AFLIBERCEPT,,,82
AGALSIDASE ALPHA,,,83
AGALSIDASE BETA,,,84
AGOMELATINE,,,85
ALBENDAZOLE,,,86
ALBUMINE,,,87
ALBUMINE HUMAINE,,,88
ALBUMINE HUMAINE IODE,,,89
ALBUMINE HUMAINE PARTICULES DE NANOCOLLOIDES,,,90
ALCOOL,,,91
ALCOOL BENZYLIQUE,,,92
ALCOOL DICHLOROBENZYLIQUE,,,93
ALCOOL ISOPROPYLIQUE,,,94
ALCOOL POLYVINYLIQUE,,,95
ALCOOL PROPYLIQUE,,,96
ALDESLEUKINE,,,97
ALECTINIB,,,98
ALEMTUZUMAB,http://base-donnees-publique.medicaments.gouv.fr/extrait.php?specid=60779773,TEST,99
ALFA-AMYLASE,,,100
ALFACALCIDIOL,,,101
ALFENTANIL,,,102
ALFUZOSINE,,,103
ALGINATE,,,104
ALGLUCOSIDASE,,,105
ALIMEMAZINE,,,106
ALIROCUMAB,,,107
ALISKIRENE,,,108
ALITRETINOINE,,,109
ALIZAPRIDE,,,110
ALLANTOINE,,,111
ALLOPURINOL,http://base-donnees-publique.medicaments.gouv.fr/affichageDoc.php?specid=68320252&typedoc=R,TEST,112
ALMINOPROFENE,,,113
ALMITRINE DIMESILATE,,,114
ALMOTRIPTAN,,,115
ALOES DU CAP,,,116
ALPHA ANTITRYPTSINE HUMAINE,,,117
ALPHA TOCOPHEROL,,,118
ALPHA-(1)-ANTITRYPSINE HUMAINE,,,119
ALPHA-AMYLASE,,,120
ALPHA-TERPINOL,,,121
ALPHA-TOCOPHEROL ,,,122
ALPHACALCIDOL,,,123
ALPRAZOLAM,,,124
ALPROSTADIL,,,125
ALTEPLASE,,,126
ALTIZIDE,,,127
ALTRETAMINE,,,128
ALUMINE,,,129
ALUMINE PHOSPHATE + GOMME GUAR,,,130
ALUMINIUM,,,131
ALUMINIUM HYDROXYDE,,,132
ALUMINIUM PHOSPHATE,,,133
ALUN DE CHROME,,,134
ALVERINE,,,135
AMANTADINE,,,136
AMBENONIUM,,,137
AMBRISENTAN,,,138
AMBROXOL,,,139
AMIDOTRIZOATE,,,140
AMIFAMPRIDINE,,,141
AMIFOSTINE,,,142
AMIKACINE,http://base-donnees-publique.medicaments.gouv.fr/affichageDoc.php?specid=62516778&typedoc=R,,143
AMILORIDE,http://base-donnees-publique.medicaments.gouv.fr/affichageDoc.php?specid=63371015&typedoc=R,TEST,144
AMIODARONE,,,145
AMISULPRIDE,,,146
AMITRIPTYLINE,,,147
AMLODIPINE,http://base-donnees-publique.medicaments.gouv.fr/affichageDoc.php?specid=69622809&typedoc=R,TEST,148
AMOROLFINE,,,149
AMOXAPINE,,,150
AMOXICILLINE,,,151
AMPHOTERICINE B,,,152
AMPICILLINE,,,153
AMSACRINE,,,154
AMYLASE,,,155
AMYLEINE,,,156
AMYLMETACRESOL,,,157
ANAGRELIDE,,,158
ANAKINRA,,,159
ANASTROZOLE,,,160
ANDROSTANOLONE,,,161
ANETHOLTRITHIONE,,,162
ANIDULAFUNGINE,,,163
ANTIGENE DE SURFACE DU VIRUS DE L'HEPATITE B ,,,164
ANTIGENE DE SURFACE RECOMBINANT DU VIRUS DE L'HEPATITE B,,,165
ANTITHROMBINE HUMAINE,,,166
APALUTAMIDE,,,167
APIXABAN,,,168
APOMORPHINE,,,169
APRACLONIDINE,,,170
APREMILAST,,,171
APREPITANT,,,172
APROTININE,,,173
APROTININE SYNTHETIQUE,,,174
ARGATROBAN,,,175
ARGININE,,,178
ARGININE ASPARTATE,,,179
ARGININE CHLORHYDRATE,,,180
ARIPIPRAZOLE,,,181
ARSENIC TRIOXYDE,,,182
ARTENIMOL,,,183
ARTHEMETER,,,184
ARTICAINE,,,185
ARTICHAUT,,,186
ARTICHAUT EXTRAIT MOU,,,187
ARTICHAUT FEUILLE EXTRAIT MOU,,,188
ARTICHAUT FEUILLE EXTRAIT SEC,,,189
ASFOTASE ALPHA,,,190
ASPARAGINASE,,,191
ATALUREN,,,192
ATAZANAVIR,,,193
ATENOLOL,,,194
ATEZOLIZUMAB,,,195
ATOSIBAN,,,199
ATOVAQUONE,,,200
ATRACURIUM,,,201
ATROPINE,,,202
ATTAPULGITE,,,203
ATTAPULGITE DE MORMOIRON ACTIVÃ‰E,,,204
AUBEPINE,,,205
AUBEPINE EXTRAIT SEC,,,206
AUBEPINE EXTRAIT SEC AQUEUX,,,207
AVANAFIL,,,208
AVELUMAB,,,209
AVIBACTAM,,,210
AVIZAFONE,,,211
AXICABTAGENE CILOLEUCEL,,,212
AXITINIB,,,213
AZACITIDINE,,,214
AZATHIOPRINE,http://base-donnees-publique.medicaments.gouv.fr/affichageDoc.php?specid=62824288&typedoc=R,TEST,215
AZELASTINE,,,216
AZITHROMYCINE,,,217
AZOTE,,,218
AZTREONAM,,,219
BACLOFENE,,,220
BALLOTE EXTRAIT SEC,,,221
BAMBUTEROL,http://base-donnees-publique.medicaments.gouv.fr/affichageDoc.php?specid=68725005&typedoc=R,TEST,222
BARDANE,,,223
BARICITINIB,,,224
BARYUM SULFATE,,,225
BASILIXIMAB,,,226
BAUME DU PEROU,,,227
BCG GERME RIVM,,,228
BCG VIVANTS ATTENUES SOUCHE DANOISE 1331,,,229
BECLOMETASONE,http://base-donnees-publique.medicaments.gouv.fr/affichageDoc.php?specid=66202052&typedoc=R,TEST,230
BECLOMETASONE DIPROPIONATE,,,231
BEDAQUILINE,,,232
BELATACEPT,,,233
BELIMUMAB,,,234
BENAZEPRIL,,,235
BENDAMUSTINE,,,236
BENDROFLUMETHIAZIDE,,,237
BENJOIN,,,238
BENRALIZUMAB,http://base-donnees-publique.medicaments.gouv.fr/extrait.php?specid=63562134,TEST,239
BENSERAZIDE,,,240
BENZALKONIUM,,,241
BENZALKONIUM CHLORURE,,,242
BENZATHINE BENZYLPENICILLINE,,,243
BENZOATE DE BENZYLE,,,244
BENZODODECINIUM,,,247
BENZYDAMIDE CHLORHYDRATE,,,248
BENZYDAMINE,,,249
BENZYLPENICILLINE SODIQUE,,,250
BENZYLTHOURACILE,,,251
BESILESOMAB,,,252
BETA AESCINE,,,253
BETA-ALANINE,,,254
BETA-CAROTENE,,,255
BETAHISTINE,,,256
BETAINE,,,257
BETAINE CITRATE,,,258
BETAMETHASONE,http://base-donnees-publique.medicaments.gouv.fr/affichageDoc.php?specid=61111556&typedoc=R,TEST,259
BETAMETHASONE DIPROPIONATE,,,260
BETAMETHASONE PHOSPHATE DISODIQUE,,,261
BETAXOLOL,,,262
BETIATIDE,,,263
BEVACIZUMAB,,,264
BEXAROTENE,,,265
BEZAFIBRATE,,,266
BEZLOTOXUMAB,,,267
BICALUTAMIDE,,,268
BICARBONATE,,,269
BICARBONATE DE SODIUM,,,270
BICISATE DICHLORHYDRATE,,,271
BICLOTYMOL,,,272
BICTEGRAVIR,,,273
BIFONAZOLE,,,274
BILASTINE,,,275
BILE DE BOEUF,,,276
BILE DE BOEUF EXTRAIT,,,277
BIMATOPROST,,,278
BINIMETINIB,,,279
BIOTINE,http://base-donnees-publique.medicaments.gouv.fr/affichageDoc.php?specid=66001124&typedoc=R,TEST,280
BIPERIDENE,,,281
BISACODYL,,,282
BISMUTH SOUS SUCCINATE,,,285
BISOPROLOL,http://base-donnees-publique.medicaments.gouv.fr/affichageDoc.php?specid=60967985&typedoc=R,TEST,286
BIVALIRUDINE,,,287
BLEOMYCINE,,,288
BLEU DE PRUSSE,,,289
BLEU PATENTE V SODIQUE,,,290
BLINATUMOMAB,,,291
BOLDINE,,,292
BOLDO FEUILLE,,,293
BORTEZOMIB,,,294
BOSENTAN,,,295
BOSUTINIB,,,296
BOULEAU,,,297
BOURDAINE ECORCE,,,298
BOURDAINE EXTRAIT SEC HYDROALCOOLIQUE,,,299
BRENTUXIMAB VEDOTIN,,,300
BRIGATINIB,,,301
BRIMONIDINE,,,302
BRINZOLAMIDE,,,303
BRODALUMAB,,,304
BROMAZEPAM,,,305
BROMEHEXINE,,,306
BROMELAINES,,,307
BROMFENAC,,,308
BROMOCRIPTINE,,,309
BROMPHENIRAMINE,,,310
BRUYERE,,,311
BUDESONIDE,http://base-donnees-publique.medicaments.gouv.fr/affichageDoc.php?specid=62052833&typedoc=R,TEST,312
BUMETANIDE,http://base-donnees-publique.medicaments.gouv.fr/affichageDoc.php?specid=68232635&typedoc=R,TEST,313
BUPIVACAINE,,,314
BUPRENORPHINE,,,315
BUPROPION,,,316
BUROSUMAB,,,317
BUSERELINE,,,318
BUSPIRONE,,,319
BUSSEROLE,,,320
BUSULFAN,,,321
BUTACAINE,,,322
CABAZITAXEL,,,323
CABERGOLINE,,,324
CABOZANTINIB,,,325
CAFEINE,,,326
CAFEINE CITRATE,,,327
CALAMINE,,,328
CALCIFEDIOL,,,329
CALCIPARINE,,,330
CALCIPOTRIOL,,,331
CALCITONINE DE SAUMON,,,332
CALCITRIOL,,,333
CALCIUM,,,334
CALCIUM ACETATE,,,335
CALCIUM BISDIHYDROGENOPHOSPHATE MONOHYDRATE,,,336
CALCIUM BROMOGALACTOGLUCONATE,,,337
CALCIUM CARBONATE,,,338
CALCIUM CHLORURE,,,339
CALCIUM CHLORURE DIHYDRATE ,,,340
CALCIUM DOBESILATE,,,341
CALCIUM GLUCONATE,,,342
CALCIUM PANTOTHENATE,,,343
CALCIUM UNDECYLENATE,,,344
CALENDULA OFFICINAL,,,345
CALENDULA TEINTURE MERE,,,346
CAMPHRE,,,347
CAMPHRE RACEMIQUE,,,348
CANAKINUMAB,http://base-donnees-publique.medicaments.gouv.fr/extrait.php?specid=61415541,TEST,349
CANDESARTAN,http://base-donnees-publique.medicaments.gouv.fr/affichageDoc.php?specid=61010703&typedoc=R,TEST,350
CANGRELOR,,,351
CAPECITABINE,,,352
CAPLACIZUMAB,,,353
CAPSAICINE,,,354
CAPSICUM OLEORESINE,,,355
CAPTOPRIL,http://base-donnees-publique.medicaments.gouv.fr/affichageDoc.php?specid=61090375&typedoc=R,"HYPERTENSION ARTERIELLE
INSUFFISANCE CARDIAQUE CONGESTIVE
INFARCTUS DU MYOCARDE DANS LES 24 PREMIERES HEURES CHEZ LES PATIENTS EN SITUATION HEMODYNAMIQUE STABLE
POST INFARCTUS DU MYOCARDE CHEZ LES PATIENTS AVEC DYSFONCTION VENTRICULAIRE GAUCHE (FRACTION D",356
CARBACHOL,,,357
CARBAMAZEPINE,http://base-donnees-publique.medicaments.gouv.fr/affichageDoc.php?specid=67655493&typedoc=R,TEST,358
CARBETOCINE,,,359
CARBIDOPA,,,360
CARBIMAZOLE,,,361
CARBOCISTEINE,,,362
CARBOMERE,,,363
CARBOMERE 974 P,,,364
CARBOMERE 980,,,365
CARBOMERE 980 NF,,,366
CARBONATE DE CALCIUM,,,367
CARBOPLATINE,,,368
CARFILZOMIB,,,369
CARMELLOSE,,,370
CARMUSTINE,,,371
CARRAGHENATES,,,372
CARTEOLOL,,,373
CARVEDILOL,http://base-donnees-publique.medicaments.gouv.fr/affichageDoc.php?specid=63608400&typedoc=R,TEST,374
CASCARA EXTRAIT SEC HYDROALCOOLIQUE,,,375
CASPOFUNGINE,,,376
CASSIS,,,377
CEFACLOR,,,378
CEFADROXIL,,,379
CEFALEXINE,,,380
CEFALOTINE,,,381
CEFAMANDOLE,,,382
CEFAZOLINE,,,383
CEFEPIME,,,384
CEFIXIME,http://base-donnees-publique.medicaments.gouv.fr/affichageDoc.php?specid=67393849&typedoc=R,TEST,385
CEFOTAXIME,,,386
CEFOTIAM,,,387
CEFOXITINE,,,388
CEFPODOXIME,,,389
CEFTAROLINE,,,390
CEFTAZIDIME,,,391
CEFTOBIPROLE,,,392
CEFTOLOZANE,,,393
CEFTRIAXONE,,,394
CEFUROXIME,,,395
CELECOXIB,,,396
CELIPROLOL,,,397
CELLULASE FONGIQUE,,,398
CELLULOSE MICROCRISTALLINE,,,399
CEMIPLIMAB,,,400
CERITINIB,,,401
CERIUM,,,402
CERTOLIZUMAB PEGOL,,,403
CETALKONIUM,,,404
CETHEXONIUM,,,405
CETIRIZINE,,,406
CETRIMIDE,,,407
CETRORELIX,,,408
CETUXIMAB,,,409
CETYLPYRIDINIUM,,,410
CHARBON ACTIVE,,,411
CHARBON VEGETAL,,,412
CHARBON VEGETAL ACTIVE,,,413
CHARDON MARIE,,,414
CHLORAMBUCIL,,,415
CHLORDIAZEPOXIDE,,,416
CHLORE ACTIF,,,417
CHLORHEXIDINE,,,418
CHLORMADINONE,,,419
CHLORMETHINE,,,420
CHLOROBUTANOL,,,421
CHLOROCRESOL,,,422
CHLOROPROCAINE,,,423
CHLOROQUINE,,,424
CHLORPHENAMINE,,,425
CHLORPROMAZINE,,,426
CHLORQUINALDOL,,,427
CHLORTALIDONE,,,428
CHLORTETRACYCLINE,,,429
CHLORURE DE BENZALKONIUM ,,,430
CHLORURE DE POTASSIUM,,,431
CHLORURE DE SODIUM,,,432
CHLORURE STANNEUX DIHYDRATE,,,433
CHOLECALCIFEROL,,,434
CHOLESTEROL BENZOATE,,,435
CHOLINE SALICYLATE,,,436
CHONDROITINE SULFATE,,,437
CHORIOGONADOTROPHINE ALPHA,,,438
CHROME (51CR) EDETATE,,,439
CIBENZOLINE,,,440
CICLESONIDE,http://base-donnees-publique.medicaments.gouv.fr/affichageDoc.php?specid=66052179&typedoc=R,TEST,441
CICLETANINE,,,442
CICLOPIROX,,,443
CICLOPIROX OLAMINE,,,444
CICLOSPORINE,http://base-donnees-publique.medicaments.gouv.fr/affichageDoc.php?specid=63094408&typedoc=R,TEST,445
CILASTATINE,,,446
CILAZAPRIL,http://base-donnees-publique.medicaments.gouv.fr/affichageDoc.php?specid=68024310&typedoc=R,TEST,447
CIMETIDINE,,,448
CINACALCET,,,449
CINCHONONE,,,450
CINEOLE,,,451
CIPROFIBRATE,,,452
CIPROFLOXACINE,http://base-donnees-publique.medicaments.gouv.fr/affichageDoc.php?specid=69206903&typedoc=R,TEST,453
CISATRACURIUM,,,454
CISPLATINE,,,455
CITALOPRAM,,,456
CITRATE DIPOTASSIQUE,,,457
CITRATE DISODIQUE ,,,458
CITRULLINE,,,461
CLADRIBINE,,,462
CLARITHROMYCINE,,,463
CLEVIDIPINE,,,464
CLIDINIUM,,,465
CLINDAMYCINE,,,466
CLOBAZAM,http://base-donnees-publique.medicaments.gouv.fr/affichageDoc.php?specid=62905911&typedoc=R,TEST,467
CLOBETASOL,,,468
CLOBETASOL PROPIONATE,,,469
CLOFARABINE,,,470
CLOFAZIMINE,,,471
CLOMIFENE,,,472
CLOMIPRAMINE,,,473
CLONAZEPAM,http://base-donnees-publique.medicaments.gouv.fr/affichageDoc.php?specid=68429141&typedoc=R,TEST,474
CLONIDINE,,,475
CLOPIDOGREL,,,476
CLORAZEPATE,,,477
CLOTIAZEPAM,,,478
CLOTRIMAZOLE,,,479
CLOXACILLINE,,,480
CLOZAPINE,,,481
COBALT,,,482
COBICISTAT,,,483
COBIMETINIB ,,,484
CODEINE,,,485
COLCHICINE,http://base-donnees-publique.medicaments.gouv.fr/affichageDoc.php?specid=68066715&typedoc=R,TEST,486
COLECALCIFEROL,,,487
COLESTYRAMINE,,,488
COLISTIMETHATE,,,489
COLLAGENASE,,,490
COMPLEXE OSSEINE-HYDROXYAPATITE,,,491
CONESTAT ALPHA,,,492
CORIOFOLLITROPINE ALFA,,,493
CORTICORELINE,,,494
CORTIVAZOL,,,495
COTRIMOXAZOLE,,,496
CRISANTASPASE,,,497
CRIZOTINIB,,,498
CROSPOVIDONE,,,499
CROTAMITON,,,500
CUIVRE,,,501
CUIVRE SULFATE,,,502
CUPALINE,,,503
CYAMEMAZINE,,,504
CYANOCOBALAMINE,,,505
CYCLOPENTOLATE,,,506
CYCLOPHOSPHAMIDE,,,507
CYPROHEPTADINE,,,508
CYPROTERONE,,,509
CYSTEINE,,,510
CYTARABINE,,,511
DABIGATRAN,,,512
DABRAFENIB,,,513
DACARBAZINE,,,514
DACISTEINE,,,515
DACTINOMYCINE,,,516
DALBAVANCINE,,,517
DALTEPARINE,,,518
DANAPAROIDE,,,519
DANAZOL,,,520
DANTROLENE,,,521
DAPABUTAN,,,522
DAPOXETINE,,,523
DAPSONE,,,524
DAPTOMYCINE,,,525
DARATUMUMAB,,,526
DARBEPOETINE,,,527
DARUNAVIR,,,528
DASATINIB,,,529
DAUNORUBICINE,,,530
DEANOL,,,531
DECITABINE,,,532
DEFERASIROX,,,533
DEFERIPRONE,,,534
DEFEROXAMINE,,,535
DEFIBROTIDE,,,536
DEGARELIX,,,537
DELAMANID,,,538
DEMECLOCYCLINE,,,539
DENOSUMAB,,,540
DEQUALINIUM,,,541
DERMATOPHAGOIDES FARINAE EXTRAIT ALLERGENIQUE,,,542
DERMATOPHAGOIDES PTERONYSSINUS EXTRAIT ALLERGENIQUE,,,543
DESFLURANE,,,544
DESLORATADINE,,,545
DESMOPRESSINE,,,546
DESOGESTREL,,,547
DESONIDE,,,548
DEXAMETHASONE,http://base-donnees-publique.medicaments.gouv.fr/affichageDoc.php?specid=65822036&typedoc=R,TEST,549
DEXCHLORPHENIRAMINE,,,550
DEXKETOPROFENE,,,551
DEXMEDETOMIDINE,,,552
DEXPANTHENOL,,,553
DEXRAZOXANE,,,554
DEXTROMETHORPHANE,,,555
DI-ALPHA-TOCOPHEROL,,,556
DIACEREINE,,,557
DIAZEPAM,http://base-donnees-publique.medicaments.gouv.fr/affichageDoc.php?specid=61437096&typedoc=R,TEST,558
DIAZOXIDE,,,559
DIBOTERMINE ALFA,,,560
DICLOFENAC,,,561
DIENOGEST,,,562
DIETHYLAMINE,,,563
DIETHYLCARBAMAZINE,,,564
DIETHYLSTILBESTROL,,,565
DIFLUCORTOLONE VALERATE,,,566
DIFLUPREDNATE,,,567
DIGOXINE,http://base-donnees-publique.medicaments.gouv.fr/affichageDoc.php?specid=63593820&typedoc=R,TEST,568
DIHYDRALAZINE,http://base-donnees-publique.medicaments.gouv.fr/affichageDoc.php?specid=67455336&typedoc=R,TEST,569
DIHYDROCODEINE,,,570
DIHYDROERGOTAMINE,,,571
DILTIAZEM,http://base-donnees-publique.medicaments.gouv.fr/affichageDoc.php?specid=61381352&typedoc=R,TEST,572
DIMENHYDRINATE,,,573
DIMERCAPROL,,,574
DIMETHYLE FUMARATE,http://base-donnees-publique.medicaments.gouv.fr/extrait.php?specid=63597651,TEST,575
DIMETICONE,,,576
DINOPROSTONE,,,577
DIOSMECTITE,,,578
DIOSMINE,,,579
DIPHENHYDRAMINE,,,580
DIPYRIDAMOLE,,,581
DISOPYRAMIDE,,,582
DISULFIRAM,,,583
DOBUTAMINE,,,584
DOCETAXEL,,,585
DOCOSANOL,,,586
DOCUSATE SODIQUE,,,587
DODECLONIUM ,,,588
DOLUTEGRAVIR,,,589
DOMIPHENE BROMURE,,,590
DOMPERIDONE,,,591
DONEPEZIL,,,592
DOPAMINE,,,593
DORAVIRINE,,,594
DORNASE ALPHA,,,595
DORZOLAMIDE,,,596
DOSULEPINE,,,597
DOXAPRAM,,,598
DOXAZOSINE,,,599
DOXEPINE,,,600
DOXORUBICINE,,,601
DOXYCYCLINE,,,602
DOXYLAMINE,,,603
DRONEDARONE,,,604
DROPERIDOL,,,605
DROSPIRENONE,,,606
DULAGLUTIDE,http://base-donnees-publique.medicaments.gouv.fr/extrait.php?specid=63787647,TEST,607
DULOXETINE,,,608
DUPILUMAB,,,609
DURVALUMAB,,,610
DUTASTERIDE,,,611
DYDROGESTERONE,,,612
EAU PPI,,,613
EBASTINE,,,614
ECHINACEA PURPUREA PARTIE AERIENNE FLEURIE,,,615
ECONAZOLE,,,616
ECULIZUMAB,,,617
EDOTREOTIDE,,,618
EFAVIRENZ,,,619
EFLORNITHINE,,,620
EFMOROCTOCOG ALFA,,,621
ELBASVIR,,,622
ELETRIPTAN,,,623
ELOSULFASE ALPHA,,,624
ELTROMBOPAG,,,625
ELVITEGRAVIR,,,626
EMICIZUMAB,,,627
EMTRICITABINE,,,628
ENALAPRIL,http://base-donnees-publique.medicaments.gouv.fr/affichageDoc.php?specid=62788988&typedoc=R,"HYPERTENSION ARTERIELLE
INSUFFISANCE CARDIAQUE SYMPTOMATIQUE
PREVENTION DE L'INSUFFISANCE CARDIAQUE SYMPTOMATIQUE CHEZ LES PATIENTS AYANT UNE DYSFONCTION VENTRICULAIRE GAUCHE ASYMPTOMATIQUE

HYPERSENSIBILITE
ANTECEDENT D'ANGIOEDEME LIE A UN TRAITEMENT ANT",629
ENCORAFENIB,,,630
ENFUVIRTIDE,,,631
ENOLOXONE,,,632
ENOXAPARINE,,,633
ENOXIMONE,,,634
ENOXOLONE,,,635
ENTACAPONE,,,636
ENTECAVIR,,,637
ENZALUTAMIDE,,,638
EOSINE,,,639
EPHEDRINE,,,640
EPINASTINE,,,641
EPIRUBCUNE,,,642
EPLERENONE,http://base-donnees-publique.medicaments.gouv.fr/affichageDoc.php?specid=61124589&typedoc=R,TEST,643
EPOETINE ALFA,,,644
EPOETINE BETA,,,645
EPOETINE THETA,,,646
EPOETINE ZETA,,,647
EPOPROSTENOL,,,648
EPROSARTAN,http://base-donnees-publique.medicaments.gouv.fr/affichageDoc.php?specid=69129129&typedoc=R,TEST,649
EPTACOG ALFA ACTIVE,,,650
EPTIFIBATIDE,,,651
ERBIUM-169,,,652
ERGOCALCIFEROL,,,653
ERGOTAMINE,,,654
ERIBULINE,,,655
ERLOTINIB,,,656
ERYSIMUM,,,657
ERYTHROMYCINE,,,658
ESCHSCHOLTZIA,,,659
ESCITALOPRAM,,,660
ESCULOSIDE SESQUIHYDRATE,,,661
ESLICARBAZEPINE,http://base-donnees-publique.medicaments.gouv.fr/extrait.php?specid=68829121,TEST,662
ESMOLOL,,,663
ESOMEPRAZOLE,,,664
ESTERS ETHYLIQUES D'ACIDES OMEGA 3,,,665
ESTRAMUSTINE,,,668
ESTRIOL,,,669
ETAMSYLATE,,,670
ETANERCEPT,,,671
ETELCALCETIDE,,,672
ETHAMBUTOL,http://base-donnees-publique.medicaments.gouv.fr/affichageDoc.php?specid=65591476&typedoc=R,,673
ETHANOL,,,674
ETHER ETHYLIQUE,,,675
ETHINYLESTRADIOL,,,676
ETHOSUXIMIDE,http://base-donnees-publique.medicaments.gouv.fr/affichageDoc.php?specid=68481191&typedoc=R,TEST,677
ETIFOXINE,,,678
ETILEFRINE,,,679
ETODOLAC,,,680
ETOMIDATE,,,681
ETONOGESTREL,,,682
ETOPOSIDE,,,683
ETORICOXIB,,,684
ETRAPENEM,,,685
ETRAVIRINE,,,686
EUCALYPTUS,,,687
EUCALYPTUS ESSENCE,,,688
EUGENOL,,,689
EVEROLIMUS,,,690
EVOLOCUMAB,,,691
EXAMETAZIME,,,692
EXEMESTANE,,,693
EXENATIDE,http://base-donnees-publique.medicaments.gouv.fr/extrait.php?specid=66105532,TEST,694
"EXTRAIT SEC DE POLLEN DE PIN, DE MAIS, DE SEIGLE, DE DACTYLE ET DE PISTIL DE MAIS",,,695
"EXTRAIT SEC DE POLLENS DE SEIGLE, DE PHLEOLE ET DE MAIS",,,696
EZETIMIBE,,,697
FACTEUR DE COAGULATION COURT-CIRCUITANT L'INHIBITEUR DU FACTEUR VIII,,,698
FACTEUR II HUMAIN,,,699
FACTEUR VII HUMAIN,,,702
FACTEUR VIII HUMAIN,,,703
FACTEUR VON WILLEBRAND HUMAIN,,,704
FACTEUR X HUMAIN,,,705
FACTEUR XI HUMAIN,,,706
FACTEUR XII HUMAIN,,,707
FAMCICLOVIR,,,708
FAMOTIDINE,,,709
FAMPRIDINE,,,710
FEBUXOSTAT,http://base-donnees-publique.medicaments.gouv.fr/extrait.php?specid=64493890,TEST,711
FELBAMATE,http://base-donnees-publique.medicaments.gouv.fr/affichageDoc.php?specid=60223278&typedoc=R,TEST,712
FELODIPINE,http://base-donnees-publique.medicaments.gouv.fr/affichageDoc.php?specid=69451322&typedoc=R,TEST,713
FENOFIBRATE,,,714
FENOPROFENE,,,715
FENOTEROL,,,716
FENTANYL,,,717
FENTICONAZOLE,,,718
FENUGRENE,,,719
FER,,,720
FER OXALATE,,,721
FESOTERODINE,,,722
FEXOFENADINE,,,723
FIBRINE HUMAINE,,,724
FIBRINOGENE HUMAIN,,,725
FIDAXOMICINE,,,726
FILGRASTIM,,,727
FINASTERIDE,,,728
FINGOLIMOD,http://base-donnees-publique.medicaments.gouv.fr/extrait.php?specid=68003070,TEST,729
FLAVOXATE,,,730
FLECAINIDE,,,731
FLORBETABENE (18)F,,,732
FLUBENDAZOLE,,,733
FLUCICLOVINE,,,734
FLUCONAZOLE,,,735
FLUCYTOSINE,,,736
FLUDARABINE,,,737
FLUDESOXYGLUCOSE (18)F,,,738
FLUDROCORTISONE,,,739
FLUINDIONE,,,740
FLUMAZENIL,,,741
FLUMEQUINE,,,742
FLUNARIZINE,,,743
FLUOCINOLONE,,,744
FLUOCORTOLONE,,,745
FLUOR,,,746
FLUORESCEINE,,,747
FLUOROCHOLINE (18)F,,,748
FLUOROETHYL-L TYROSINE (18)F,,,751
FLUOROMETHOLONE,,,752
FLUOROURACIL,,,753
FLUORURE DE CALCIUM,,,754
FLUORURE DE SODIUM,,,755
FLUORURE STANNEUX,,,756
FLUOXETINE,,,757
FLUPENTIXOL,,,758
FLURBIPROFENE,,,759
FLUTAMIDE,,,760
FLUTICASONE FUROATE,,,763
FLUTICASONE PROPIONATE,,,764
FLUVASTATINE,,,765
FLUVOXAMINE,,,766
FOLINATE DE CALCIUM,,,767
FOLLITROPINE ALFA,,,768
FOLLITROPINE BETA,,,769
FOLLITROPINE DELTA,,,770
FOMEPIZOLE,,,771
FONDAPARINUX,,,772
FORMOTEROL,http://base-donnees-publique.medicaments.gouv.fr/affichageDoc.php?specid=61963153&typedoc=R,TEST,773
FOSAMPRENAVIR,,,774
FOSCARNET,,,775
FOSFOMYCINE,http://base-donnees-publique.medicaments.gouv.fr/affichageDoc.php?specid=66430643&typedoc=R,TEST,776
FOSINOPRIL,http://base-donnees-publique.medicaments.gouv.fr/affichageDoc.php?specid=67633778&typedoc=R,TEST,777
FOSPHENYTOINE,,,778
FOTEMUSTINE,,,779
FRACTION FLAVONOIQUE PURIFIEE,,,780
FRACTION FLAVONOIQUE PURIFIEE MICRONISEE,,,781
FRAGON,,,782
FRAGON EXTRAIT SEC,,,783
FRAGON RHIZOME EXTRAIT SEC,,,784
FRAMYCETINE,,,785
FROVATRIPTAN,,,786
FRUCTOSE,,,787
FUCUS,,,788
FUCUS EXTRAIT SEC AQUEUX,,,789
FULVESTRANT,,,790
FUMAGILLINE,,,791
FUMETERRE,,,792
FUMETERRE PARTIE AERIENNE FLEURIE EXTRAIT,,,793
FUROSEMIDE,http://base-donnees-publique.medicaments.gouv.fr/affichageDoc.php?specid=68009803&typedoc=R,TEST,794
GABAPENTINE,http://base-donnees-publique.medicaments.gouv.fr/affichageDoc.php?specid=65390338&typedoc=R,TEST,795
GADOBUTROL,,,796
GADODIAMIDE,,,797
GADOTERIDOL,,,798
GAIACOL,,,799
GAIAZULENE,,,800
GALACTANE,,,801
GALANTAMINE,,,802
GALLIUM-67,,,803
GALSULFASE,,,804
GANCICLOVIR,,,805
GANIRELIX,,,806
GEFITINIB,,,807
GEL D'ALUMINIUM HYDROXYDE ET DE MAGNESIUM CARBONATE,,,808
GELATINE FLUIDE MODIFIEE,,,809
GELSEMIUM EXTRAIT MOU HYDROALCOOLIQUE,,,810
GEMCITABINE,,,811
GEMEPROST,,,812
GEMFIBROZIL,,,813
GEMTUZUMAB,,,814
GENTAMICINE,,,815
GESTODENE,,,816
GINKGO BILOBA,,,817
GINKGO BILOBA EXTRAIT,,,818
GINSENG,,,819
GIROFLE ESSENCE,,,820
GLARGINE,,,821
GLATIRAMERE,http://base-donnees-publique.medicaments.gouv.fr/affichageDoc.php?specid=69654600&typedoc=R,TEST,822
GLECAPREVIR,,,823
GLIBENCLAMIDE,http://base-donnees-publique.medicaments.gouv.fr/affichageDoc.php?specid=64922382&typedoc=R,TEST,824
GLICLAZIDE,http://base-donnees-publique.medicaments.gouv.fr/affichageDoc.php?specid=60952314&typedoc=R,TEST,825
GLIMEPIRIDE,http://base-donnees-publique.medicaments.gouv.fr/affichageDoc.php?specid=69071238&typedoc=R,TEST,826
GLIPIZIDE,http://base-donnees-publique.medicaments.gouv.fr/affichageDoc.php?specid=67477432&typedoc=R,TEST,827
GLUCAGON,,,828
GLUCORONAMIDE,,,829
GLUCOSAMINE,,,830
GLUCOSE,,,831
GLUCOSE MONOHYDRATE,,,832
GLUCOSE PHOSPHATE DISODIQUE,,,833
GLYCEROL,,,834
GLYCEROL PHENYLBUTYRATE,,,835
GLYCINE,,,836
GLYCOPYRRONIUM,,,837
GOLIMUMAB,https://ec.europa.eu/health/documents/community-register/2019/20190218143667/anx_143667_fr.pdf,TEST,838
GONADORELINE,,,839
GONADOTROPHINE CHORIONIQUE,,,840
GOSERELINE,,,841
GRANISETRON,,,842
GRAPHITE,,,843
GRAZOPREVIR,,,844
GRINDELIA EXTRAIT HYDROALCOOLIQUE,,,845
GRINDELIA EXTRAIT MOU HYDROALCOOLIQUE,,,846
GRINDELIA TEINTURE,,,847
GRISEOFULVINE,,,848
GUAIFENESINE,,,849
GUSELKUMAB,,,850
HALOPERIDOL,,,851
HAMAMELIS,,,852
HAMAMELIS EXTRAIT FLUIDE,,,853
HAMMAMELIS EXTRAIT FLUIDE,,,854
HARPAGOPHYTON,,,855
HARPAGOPHYTON RACINE EXTRAIT SEC,,,856
HELICIDINE,,,857
HEMINE HUMAINE,,,858
HEPARINE,,,859
HEPTAMINOL,,,860
HESPERIDINE,,,861
HEXAMIDINE,,,862
HEXETIDINE,,,863
HEXYL AMINOLEVULINATE,,,864
HOUBLON,,,865
HUIILE DE FOIE DE MORUE,,,866
HUILE DE CADE,,,867
HYDROCHLOROTHIAZIDE,http://base-donnees-publique.medicaments.gouv.fr/affichageDoc.php?specid=66153192&typedoc=R,TEST,868
HYDROCORTISONE,http://base-donnees-publique.medicaments.gouv.fr/affichageDoc.php?specid=64124103&typedoc=R,TEST,869
HYDROCORTISONE ACEPONATE,,,870
HYDROCORTISONE ACETATE,,,871
HYDROCORTISONE BUTYRATE,,,872
HYDROCORTISONE HEMISUCCINATE,,,873
HYDROCOTYLE EXTRAIT,,,874
HYDROGENE PEROXYDE,,,875
HYDROMORPHONE,,,876
HYDROQUINIDINE,,,877
HYDROTALCITE,,,878
HYDROXOCOBALAMINE,,,879
HYDROXYCARBAMIDE,,,880
HYDROXYCHLOROQUINE,,,881
HYDROXYETHYLAMIDON,,,882
HYDROXYZINE,,,883
HYMECROMONE,,,884
HYPROMELLOSE,,,885
IBRITUMOMAB TIUXETAN,,,886
IBRUTINIB,,,887
IBUPROFENE,,,888
ICATIBANT,,,889
ICHTHYOLAMMONIUM,,,890
ICODEXTRINE ,,,891
IDARUBICINE,,,892
IDARUCIZUMAB,,,893
IDELALISIB ,,,894
IDURSULFASE,,,895
IFOSFAMIDE,,,896
ILOPROST,,,897
IMATINIB,,,898
IMIGLUCERAZE,,,899
IMIPENEM,,,900
IMIPRAMINE,,,901
IMIQUIMOD,,,902
IMMUNOGLOBULINE HUMAINE ANTI D,,,903
IMMUNOGLOBULINES DE LAPIN ANTI THYMOCYTES HUMAINS,,,904
IMMUNOGLOBULINES HUMAINES,,,905
IMMUNOGLOBULINES HUMAINES ANTI TETANIQUES,,,906
IMMUNOGLOBULINES HUMAINES ANTI-HEPATITE B ,,,907
IMMUNOGLOBULINES HUMAINES ANTI-RABIQUES,,,908
INDACATEROL,,,909
INDAPAMIDE,,,910
INDIGOTINE,,,911
INDIUM 111 OXINATE,,,912
INDIUM 111 PENTETATE,,,913
INDIUM-111,,,914
INDIUM-111 PENTETREOTIDE,,,915
INDOMETACINE,http://base-donnees-publique.medicaments.gouv.fr/affichageDoc.php?specid=66664685&typedoc=R,TEST,916
INFLIXIMAB,https://ec.europa.eu/health/documents/community-register/2019/20191024146198/anx_146198_fr.pdf,TEST,917
INGENOL MEBUTATE,,,918
INHIBITEUR DE LA C1 ESTERASE D'ORIGINE HUMAINE,,,919
INOTUZUMAB OZOGAMICINE,,,920
INSAPONIFIABLES HUILE D AVOCAT,,,921
INSAPONIFIABLES HUILE DE SOJA,,,922
INSULINE ASPARTE,,,923
INSULINE ASPARTE PROTAMINE,,,924
INSULINE DEGLUDEC,,,925
INSULINE DETEMIR,,,926
INSULINE GLARGINE,,,927
INSULINE GLULISINE,,,928
INSULINE HUMAINE BIOGENETIQUE,,,929
INSULINE HUMAINE BIOGENETIQUE ISOPHANE,,,930
INSULINE LISPRO,,,931
INTERFERON ALFA-(2)A,,,932
INTERFERON ALFA-(2)B,,,933
INTERFERON BETA,http://base-donnees-publique.medicaments.gouv.fr/extrait.php?specid=62493653,TEST,934
INTERFERON GAMMA-1(B),,,935
IOBENGUANE,,,936
IOBITRIDOL,,,937
IODE,,,938
IODIXANOL,,,939
IODOXAMIDE TROMETAMOL,,,940
IODURE DE SODIUM,,,941
IOFLUPANE 123I,,,942
IOHEXOL,,,943
IOMEPROL,,,944
IOPAMIDOL,,,945
IOPROMIDE,,,946
IOVERSOL,,,947
IPILIMUMAB,,,948
IPRATROPIUM,http://base-donnees-publique.medicaments.gouv.fr/affichageDoc.php?specid=69720897&typedoc=R,TEST,949
IPRONIAZIDE,,,950
IRBESARTAN,http://base-donnees-publique.medicaments.gouv.fr/affichageDoc.php?specid=61605035&typedoc=R,TEST,951
IRINOTECAN,,,952
ISAVUCONAZONIUM SULFATE,,,953
ISOCONAZOLE,,,954
ISOFLURANE,,,955
ISONIAZIDE,http://base-donnees-publique.medicaments.gouv.fr/affichageDoc.php?specid=69568222&typedoc=R,,956
ISOPRENALINE,,,957
ISOSORBIDE,http://base-donnees-publique.medicaments.gouv.fr/affichageDoc.php?specid=66327091&typedoc=R,TEST,958
ISOTHIPENDYL,,,959
ISOTRETINOINE,,,960
ISPAGHUL GRAINE,,,961
ISPAGHUL TEGUMENT,,,962
ISPAGHUL TEGUMENT DE GRAINE,,,963
ISRADIPINE,http://base-donnees-publique.medicaments.gouv.fr/affichageDoc.php?specid=67966754&typedoc=R,TEST,964
ITRACONAZOLE,,,965
IVABRADINE,http://base-donnees-publique.medicaments.gouv.fr/affichageDoc.php?specid=65486532&typedoc=R,TEST,966
IVACAFTOR,,,967
IVERMECTINE,,,968
IXAZOMIB,,,969
IXEKIZUMAB,,,970
JOSAMYCINE,,,971
KETAMINE ,,,972
KETOCONAZOLE,,,973
KETOPROFENE,http://base-donnees-publique.medicaments.gouv.fr/affichageDoc.php?specid=62503880&typedoc=R,TEST,974
KETOROLAC,,,975
KETOTIFENE,,,976
L CYSTINE,,,977
LABETALOL,,,978
LACIDIPINE,http://base-donnees-publique.medicaments.gouv.fr/affichageDoc.php?specid=61335561&typedoc=R,TEST,979
LACOSAMIDE,http://base-donnees-publique.medicaments.gouv.fr/extrait.php?specid=64357958,TEST,980
LACTITOL,,,981
LACTOBACILLUS CASEI VAR RHAMNOSUS,,,982
LACTOBACILLUS CASEI VAR RHAMNOSUS DODERLEINI,,,983
LACTOBACILLUS LB INACTIVES,,,984
LACTULOSE,,,985
LAMIVUDINE,,,986
LAMOTRIGINE,http://base-donnees-publique.medicaments.gouv.fr/affichageDoc.php?specid=69658075&typedoc=R,TEST,987
LANDIOLOL,,,988
LANREOTIDE,,,989
LANSOPRAZOLE,,,990
LANTHANE,,,991
LAPATINIB,,,992
LARONIDASE,,,993
LAUROMACROGOL 400,,,994
LAVANDE,,,995
LAVANDE ESSENCE,,,996
LEDIPASVIR,,,997
LEDUM PALUSTRE TEINTURE MERE,,,998
LEFLUNOMIDE,,,999
LENALIDOMIDE,,,1000
LENOGRASTIM,,,1001
LENVATINIB,,,1002
LEPTOSPIRA ICTEOHAEMORRHAGIAE INACTIVE,,,1003
LERCANIDIPINE,http://base-donnees-publique.medicaments.gouv.fr/affichageDoc.php?specid=67560839&typedoc=R,TEST,1004
LETERMOVIR,,,1005
LETROZOLE,,,1006
LEUPRORELINE,,,1007
LEVETIRACETAM,http://base-donnees-publique.medicaments.gouv.fr/extrait.php?specid=68719194,TEST,1008
LEVOBUNOLOL,,,1009
LEVOBUPIVACAINE,,,1010
LEVOCABASTINE,,,1011
LEVOCARNITINE,,,1012
LEVOCETIRIZINE,,,1013
LEVODOPA,,,1014
LEVOFLOXACINE,,,1015
LEVOMENTHOL,,,1016
LEVOMEPROMAZINE,,,1017
LEVONORGESTREL,,,1018
LEVOSIMENDAN,,,1019
LEVOTHYROXINE,,,1020
LIDOCAINE,,,1021
LIERRE GRIMPANT FEUILLE EXTRAIT,,,1022
LINCOMYCINE,,,1023
LINEZOLIDE,http://base-donnees-publique.medicaments.gouv.fr/affichageDoc.php?specid=68311278&typedoc=R,,1024
LIOTHYRONINE,,,1025
LIRAGLUTIDE,http://base-donnees-publique.medicaments.gouv.fr/extrait.php?specid=62645506,TEST,1026
LISINOPRIL,http://base-donnees-publique.medicaments.gouv.fr/affichageDoc.php?specid=68748491&typedoc=R,TEST,1027
LISURIDE,,,1028
LITHIUM,,,1029
LOFLAZEPATE D ETHYLE,,,1030
LOMEFLOXACINE,,,1031
LOMITAPIDE,,,1032
LOMUSTINE,,,1033
LONOCTOCOG ALFA ,,,1034
LOPERAMIDE,,,1035
LOPINAVIR,,,1036
LOPOBUTAN,,,1037
LOPRAZOLAM,,,1038
LORATADINE,,,1039
LORAZEPAM,,,1040
LORMETAZEPAM,,,1041
LOSARTAN,http://base-donnees-publique.medicaments.gouv.fr/affichageDoc.php?specid=64201553&typedoc=R,TEST,1042
LOXAPINE,,,1043
LUMEFANTRINE,,,1044
LUTECIUM-177 OXODOTREOTIDE,,,1045
LUTROPINE ALFA,,,1046
LYMECYCLINE,,,1047
LYSOZYME,,,1048
MACROGOL 3350,,,1049
MACROGOL 4000,,,1050
MAGNESIUM,,,1051
MAGNESIUM CHLORURE,,,1052
MAGNESIUM CHLORURE HEXAHYDRATE,,,1053
MAGNESIUM HYDROXYDE,,,1054
MAGNESIUM SULFATE,,,1055
MANGANESE,,,1056
MANIDIPINE,http://base-donnees-publique.medicaments.gouv.fr/affichageDoc.php?specid=60456948&typedoc=R,TEST,1057
MANNITOL,,,1058
MAPROTILINE,,,1059
MARAVIROC,,,1060
MARRON D INDE EXTRAIT FLUIDE,,,1061
MARRONNIER D'INDE ECORCE POUDRE,,,1062
MATE,,,1063
MAUVE FEUILLE,,,1064
MEBEVERINE,,,1065
MECASERMINE,,,1066
MECETRONIUM ETILSULFATE,,,1067
MECLOZINE,,,1068
MEDROGESTONE,,,1069
MEDRONATE DE SODIUM,,,1070
MEDROXYPROGESTERONE,,,1071
MEFENIDRAMIUM,,,1072
MEFLOQUINE,,,1073
MEGESTROL,,,1074
MEGLULINE AMIDOTRIZOATE,,,1075
MEGLUMINE ANTIMONIATE,,,1076
MEGLUMINE BENZOATE,,,1077
MELATONINE,,,1078
MELILOT EXTRAIT SEC AQUEUX,,,1079
MELISSE,,,1080
MELISSE FEUILLE EXTRAIT SEC HYDROALCOOLIQUE,,,1081
MELOXICAM,,,1082
MELPHALAN,,,1083
MEMANTINE,,,1084
MENOTROPINE,,,1085
MENTHE POIVREE ESSENCE,,,1086
MEPIVACAINE,,,1087
MEPOLIZUMAB,http://base-donnees-publique.medicaments.gouv.fr/extrait.php?specid=65864619,TEST,1088
MEQUINOL,,,1089
MEQUITAZINE,,,1090
MERCAPTAMINE,,,1091
MERCAPTOPURINE,http://base-donnees-publique.medicaments.gouv.fr/affichageDoc.php?specid=63377491&typedoc=R,TEST,1092
MEROPENEM,,,1093
MERTIATIDE,,,1094
MESALAZINE,http://base-donnees-publique.medicaments.gouv.fr/affichageDoc.php?specid=66357483&typedoc=R,TEST,1095
MESNA,,,1096
METACRESOL,,,1097
METFORMINE,http://base-donnees-publique.medicaments.gouv.fr/affichageDoc.php?specid=69065160&typedoc=R,TEST,1098
METHADONE,,,1099
METHIONINE,,,1100
METHOCARBAMOL,,,1101
METHOTREXATE,http://base-donnees-publique.medicaments.gouv.fr/affichageDoc.php?specid=60819417&typedoc=R,TEST,1102
METHOXSALENE,,,1103
METHOXY POLYETHYLENE GLYCOL-EPOETINE BETA,,,1104
METHOXYFLURANE,,,1105
METHYLCLOTHIAZIDE,,,1106
METHYLDOPA,,,1107
METHYLE AMINOLEVULINATE,,,1108
METHYLERGOMETRINE,,,1109
METHYLNALTREXONE,,,1110
METHYLPHENIDATE,,,1111
METHYLPREDNISOLONE,http://base-donnees-publique.medicaments.gouv.fr/affichageDoc.php?specid=64085814&typedoc=R,TEST,1112
METHYLSILANETRIOL ET SALICYLATE DE SODIUM SOLUTION,,,1113
METHYLTHIONINIUM,,,1114
METOCLOPRAMIDE,,,1115
METOPIMAZINE,,,1116
METOPROLOL,http://base-donnees-publique.medicaments.gouv.fr/affichageDoc.php?specid=60927791&typedoc=R,TEST,1117
METRELEPTINE,,,1118
METRONIDAZOLE,,,1119
METYRAPONE,,,1120
MEXILETINE,,,1121
MIANSERINE,,,1122
MICAFUNGINE,,,1123
MICONAZOLE,,,1124
MIDAZOLAM,http://base-donnees-publique.medicaments.gouv.fr/extrait.php?specid=60034085,TEST,1125
MIDECAMYCINE,,,1126
MIDODRINE,,,1127
MIDOSTAURINE,,,1128
MIFEPRISTONE,,,1129
MIGALASTAT,,,1130
MIGLUSTAT,,,1131
MILLEPERTUIS EXTRAIT SEC DE SOMMITE FLEURIE,,,1132
MILLEPERTUIS SOMMITE FLEURIE,,,1133
MILNACIPRAN,,,1134
MILRINONE,,,1135
MINOCYCLINE,,,1136
MINOXIDIL,,,1137
MIRABEGRON,,,1138
MIRISTALKONIUM,,,1139
MIRISTALKONIUM CHLORURE,,,1140
MIRTAZAPINE,,,1141
MIRTILLE EXTRAIT ANTHOCYANOSIDIQUE,,,1142
MISOPROSTOL,,,1143
MITOMYCINE,,,1144
MITOTANE,,,1145
MITOXANTRONE,http://base-donnees-publique.medicaments.gouv.fr/affichageDoc.php?specid=64562169&typedoc=R,TEST,1146
MIVACURIUM,,,1147
MIZOLASTINE,,,1148
MOCLOBEMIDE,,,1149
MODAFINIL,,,1150
MOEXIPRIL,,,1151
MOLSIDOMINE,,,1152
MOMETASONE,http://base-donnees-publique.medicaments.gouv.fr/affichageDoc.php?specid=60268519&typedoc=R,TEST,1153
MONMECTITE,,,1154
MONOXYDE D'AZOTE,,,1155
MONTELUKAST,http://base-donnees-publique.medicaments.gouv.fr/affichageDoc.php?specid=68077576&typedoc=R,TEST,1156
MONTMORILLONITE,,,1157
MORNIFLUMATE,,,1158
MOROCTOCOG ALPHA,,,1159
MORPHINE,,,1160
MOXIFLOXACINE,http://base-donnees-publique.medicaments.gouv.fr/affichageDoc.php?specid=69531658&typedoc=R,,1161
MOXISYLYTE,,,1162
MOXONIDINE,,,1163
MUPIROCINE,,,1164
MYCOPHENOLATE,,,1165
MYCOSTATINE,,,1166
MYRTE,,,1167
MYRTECAINE,,,1168
N(2)-L-ALANYL-L-GLUTAMINE,,,1169
NABUMETONE,,,1170
NADOLOL,,,1171
NADROPARINE,,,1172
NAFARELINE,,,1173
NAFTAZONE,,,1174
NAFTIDROFURYL,,,1175
NALBUPHINE,,,1176
NALMEFENE,,,1177
NALOXEGOL,,,1178
NALOXONE,,,1179
NALTREXONE,,,1180
NANOCOG GAMMA,,,1181
NAPHAZOLINE,,,1182
NAPROXENE,,,1183
NARATRIPTAN,,,1184
NATALIZUMAB,http://base-donnees-publique.medicaments.gouv.fr/extrait.php?specid=68722564,TEST,1185
NEBIVOLOL,http://base-donnees-publique.medicaments.gouv.fr/affichageDoc.php?specid=68029656&typedoc=R,TEST,1186
NEDOCROMIL,,,1187
NEFOPAM,,,1188
NELARABINE,,,1189
NEOMYCINE,,,1190
NEOSTIGMINE,,,1191
NETUPITANT,,,1192
NEVIRAPINE,,,1193
NIAOULI ESSENCE,,,1194
NIAOULI ESSENCE RECONSTITUEE,,,1195
NICARDIPINE,http://base-donnees-publique.medicaments.gouv.fr/affichageDoc.php?specid=65984700&typedoc=R,TEST,1196
NICKEL,,,1197
NICLOSAMIDE,,,1198
NICORANDIL,,,1199
NICOTINAMIDE,,,1200
NICOTINE,,,1201
NIFEDIPINE,http://base-donnees-publique.medicaments.gouv.fr/affichageDoc.php?specid=62287112&typedoc=R,TEST,1202
NIFUROXAZIDE,,,1203
NILOTINIB,,,1204
NILUTAMIDE,,,1205
NIMODIPINE,,,1206
NINTEDANIB,,,1207
NIRAPARIB,,,1208
NITISINONE,,,1209
NITRAZEPAM,,,1210
NITRENDIPINE,http://base-donnees-publique.medicaments.gouv.fr/affichageDoc.php?specid=67688899&typedoc=R,TEST,1211
NITROFURANTOINE,http://base-donnees-publique.medicaments.gouv.fr/affichageDoc.php?specid=62013296&typedoc=R,TEST,1212
NIVOLUMAB,,,1213
NIZATIDINE,,,1214
NOMEGESTROL,,,1215
NONACOG ALPHA,,,1216
NORADRENALINE,,,1217
NORCHOLESTEROL IODE (131)I,,,1218
NORDAZEPAM,,,1219
NORELGESTROMINE,,,1220
NORETHANDROLONE,,,1221
NORETHISTERONE,,,1222
NORFLOXACINE,,,1223
NORGESTIMATE,,,1224
NOSCAPINE,,,1225
NUSINERSEN,,,1226
NYSTATINE,,,1227
OBINUTUZUMAB,,,1228
OCRELIZUMAB,,,1229
OCRIPLASMINE,,,1230
OCTOCOG ALFA,,,1231
OCTREOTIDE,,,1232
OFATUMUMAB,,,1233
OFLOXACINE,http://base-donnees-publique.medicaments.gouv.fr/affichageDoc.php?specid=63222377&typedoc=R,TEST,1234
OLANZAPINE,,,1235
OLAPARIB,,,1236
OLIVE HUILE,,,1237
OLIVIER,,,1238
OLMESARTAN,http://base-donnees-publique.medicaments.gouv.fr/affichageDoc.php?specid=62597926&typedoc=R,TEST,1239
OLODATEROL,,,1240
OLOPATADINE,,,1241
OLSALAZINE,http://base-donnees-publique.medicaments.gouv.fr/affichageDoc.php?specid=63634128&typedoc=R,TEST,1242
OMALIZUMAB,http://base-donnees-publique.medicaments.gouv.fr/extrait.php?specid=61971520,TEST,1243
OMEPRAZOLE,,,1244
OMOCONAZOLE,,,1245
ONDANSETRON,,,1246
OPIUM POUDRE,,,1247
OR,,,1248
OR COLLOIDAL,,,1249
ORHTOSIPHON,,,1250
ORLISTAT,,,1251
ORNIDAZOLE,,,1252
ORNITHINE OXOGLURATE,,,1253
ORTIE,,,1254
OSELTAMIVIR,,,1255
OSIMERTINIB,,,1256
OXACILLINE,,,1257
OXALIPLATINE,,,1258
OXAZEPAM,,,1259
OXCARBAZEPINE,http://base-donnees-publique.medicaments.gouv.fr/affichageDoc.php?specid=69568788&typedoc=R,TEST,1260
OXELADINE CITRATE,,,1261
OXETORONE,,,1262
OXICONAZOLE,,,1263
OXITRIPTAN,,,1264
OXOMEMAZINE,,,1265
OXYBATE DE SODIUM,,,1266
OXYBUPROCAINE,,,1267
OXYBUTYNINE,,,1268
OXYCODONE,,,1269
OXYDE DE MAGNESIUM LEGER,,,1270
OXYGENE,,,1271
OXYMETAZOLINE,,,1272
OXYQUINOL,,,1273
OXYTETRACYLCINE,,,1274
OXYTOCINE,,,1275
P AMINOSALICYLATE,http://base-donnees-publique.medicaments.gouv.fr/affichageDoc.php?specid=60382608&typedoc=R,TEST,1276
P-CHLOROMETACRESOL,,,1277
PACLITAXEL,,,1278
PALBOCICLIB,,,1279
PALIPERIDONE,,,1280
PALIVIZUMAB,,,1281
PALONOSETRON,,,1282
PANCREATINE,,,1283
PANITUMUMAB,,,1284
PANOBINOSTAT,,,1285
PANTOPRAZOLE,,,1286
PAPAVERINE,,,1287
PARACETAMOL,,,1288
PARACHLOROPHENOL,,,1289
PARAFFINE LIQUIDE ,,,1290
PARECOXIB,,,1291
PAROXETINE,,,1292
PASIREOTIDE,,,1293
PASSIFLORE,,,1294
PASSIFLORE EXTRAIT,,,1295
PASSIFLORE EXTRAIT SEC HYDROALCOOLIQUE,,,1296
PASSIFLORE PARTIE AERIENNE EXTRAIT SEC HYDROALCOOLIQUE,,,1297
PATISIRAN,,,1298
PAZOPANIB,,,1299
PECTINE,,,1300
PEGASPARGASE,,,1301
PEGFILGRASTIM,,,1302
PEGINTERFERON ALFA-(2)A,,,1303
PEGINTERFERON BETA (1)A,,,1304
PEGVISOMANT,,,1305
PELARGONIUM RACINE EXTRAIT,,,1306
PEMBROLIZUMAB,,,1307
PEMETREXED,,,1308
PENICILLAMINE,,,1309
PENTAERYTHRITOL,,,1310
PENTAMIDINE,,,1311
PENTETATE DE CALCIUM TRISODIQUE,,,1312
PENTOSANE POLYSULFATE,,,1313
PENTOSTATINE,,,1314
PENTOXIFYLLINE,,,1315
PENTOXYVERINE,,,1316
PERAMPANEL,http://base-donnees-publique.medicaments.gouv.fr/extrait.php?specid=69856153,TEST,1317
PERINDOPRIL,http://base-donnees-publique.medicaments.gouv.fr/affichageDoc.php?specid=68762014&typedoc=R,TEST,1318
PERMETHRINE,,,1319
PEROXYDE DE BENZOYLE,,,1320
PERTECHNETATE 99MTC DE SODIUM,,,1321
PERTUZUMAB,,,1322
PETHIDINE,,,1323
PHENAZONE,,,1324
PHENIRAMINE,,,1325
PHENOBARBITAL,http://base-donnees-publique.medicaments.gouv.fr/affichageDoc.php?specid=66086808&typedoc=R,TEST,1326
PHENOL,,,1327
PHENOTHRINE,,,1328
PHENOXYMETHYLPENICILLINE,,,1329
PHENTOLAMINE,,,1330
PHENYLBUTYRATE,,,1331
PHENYLEPHRINE,,,1332
PHENYTOINE,http://base-donnees-publique.medicaments.gouv.fr/affichageDoc.php?specid=66303560&typedoc=R,TEST,1333
PHLOROGLUCINOL,,,1334
PHOLCODINE,,,1335
PHOSPHATE DE SODIUM,,,1336
PHOSPHATE DIPOTASSIQUE,,,1337
PHOSPHATE DISODIQUE,,,1338
PHOSPHATE DISODIQUE ANHYDRE,,,1339
PHOSPHATE MONOPOTASSIQUE,,,1340
PHOSPHATE MONOSODIQUE,,,1341
PHOSPHORE,,,1342
PHYTOMENADIONE,,,1343
PIBRENTASVIR,,,1344
PICLOXYDINE,,,1345
PILOCARPINE,,,1346
PILOSELLE,,,1347
PIMENT DE LA JAMAIQUE ESSENCE,,,1348
PIMETHIXENE,,,1349
PIMOZIDE,,,1350
PIN DE SIBERIE ESSENCE ,,,1351
PIN ESSENCE,,,1352
PIN SYLVESTRE ESSENCE,,,1353
PINAVERIUM,,,1354
PINDOLOL,,,1355
PIPAMPERONE,,,1356
PIPERACILLINE,,,1357
PIPERAQUINE,,,1358
PIPOBROMAN,,,1359
PIPOTIAZINE,,,1360
PIRACETAM,,,1361
PIRETANIDE,,,1362
PIRFENIDONE,,,1363
PIRIBEDIL,,,1364
PIROXICAM,,,1365
PITOLISANT,,,1366
PIVMECILLINAM,http://base-donnees-publique.medicaments.gouv.fr/affichageDoc.php?specid=60670489&typedoc=R,TEST,1367
PIXANTRONE,,,1368
PIZOTIFENE,,,1369
PLANTAIN LANCEOLE FEUILLE EXTRAIT MOU,,,1370
PLEFIRAXOR,,,1371
PODOPHYLLOTOXINE,,,1372
POLYFRUCTOSAN,,,1373
POLYGALA SIROP,,,1374
POLYMYXINE B,,,1375
POLYMYXINE B SULFATE,,,1376
POLYSORBATE,,,1377
POLYSTYRENE SULFONATE,,,1378
POMALIDOMIDE,,,1379
PONATINIB,,,1380
PORACTANT ALFA,,,1381
POSACONAZOLE,,,1382
POTASSIUM,,,1383
POTASSIUM CANRENOATE,,,1384
POTASSIUM CHLORURE,,,1385
POTASSIUM CITRATE,,,1386
POTASSIUM IODURE,,,1387
POTASSIUM TARTRATE ACIDE,,,1388
POUDRE D'OPIUM,,,1389
POVIDONE,,,1390
POVIDONE IODEE,,,1391
PRALIDOXIME,,,1392
PRALIDOXIME METHYLSULFATE,,,1393
PRAMIPEXOLE,,,1394
PRAMOCAINE,,,1395
PRASTERONE,,,1396
PRASUGREL,,,1397
PRAVASTATINE,,,1398
PRAZEPAM,,,1399
PRAZIQUANTEL,,,1400
PRAZOSINE,http://base-donnees-publique.medicaments.gouv.fr/affichageDoc.php?specid=69537839&typedoc=R,TEST,1401
PREDNISOLONE,http://base-donnees-publique.medicaments.gouv.fr/affichageDoc.php?specid=66871876&typedoc=R,TEST,1402
PREDNISONE,http://base-donnees-publique.medicaments.gouv.fr/affichageDoc.php?specid=64233693&typedoc=R,TEST,1403
PREGABALINE,http://base-donnees-publique.medicaments.gouv.fr/extrait.php?specid=67855921,TEST,1404
PRILOCAINE,,,1405
PRIMIDONE,http://base-donnees-publique.medicaments.gouv.fr/affichageDoc.php?specid=65201684&typedoc=R,TEST,1406
PRISTINAMYCINE,,,1407
PROBENECIDE,http://base-donnees-publique.medicaments.gouv.fr/affichageDoc.php?specid=69639623&typedoc=R,TEST,1408
PROCAINE,,,1409
PROCARBAZINE,,,1410
PROGESTERONE,,,1411
PROGUANIL,,,1412
PROGUANIL CHLORYDRATE,,,1413
PROMEGESTONE,,,1414
PROMESTRIENE,,,1415
PROMETHAZINE,,,1416
PROPAFENONE,,,1417
PROPERICIAZINE,,,1418
PROPOFOL,,,1419
PROPRANOLOL,,,1420
PROPYLTHIOURACILE,,,1421
PROTAMINE,,,1422
PROTEINE C HUMAINE,,,1423
PROTEINE I1 DE PAPILLOMAVIRUS HUMAIN DE TYPE 16,,,1424
PROTEINE I1 DE PAPILLOMAVIRUS HUMAIN DE TYPE 18,,,1425
PROTEINE I1 DE PAPILLOMAVIRUS HUMAIN TYPE 11,,,1426
PROTEINE I1 DE PAPILLOMAVIRUS HUMAIN TYPE 18,,,1427
PROTEINE I1 DE PAPILLOMAVIRUS HUMAIN TYPE 6,,,1428
PROTEINE PLASMATIQUE HUMAINE,,,1429
PROTEINE S HUMAINE,,,1430
PROTIRELINE,,,1431
PROTOXYDE D'AZOTE,,,1432
PRUCALOPRIDE,,,1433
PRUNIER D'AFRIQUE EXTRAIT,,,1434
PSEUDOEPHEDRINE,,,1435
PSYLLIUM,,,1436
PYRANTEL,,,1437
PYRAZINAMIDE,http://base-donnees-publique.medicaments.gouv.fr/affichageDoc.php?specid=66454982&typedoc=R,,1438
PYRIDOSTIGMINE,,,1439
PYRIDOXINE,,,1440
PYRIMETHAMINE,,,1441
QUETIAPINE,,,1442
QUINAGOLIDE,,,1443
QUINAPRIL,http://base-donnees-publique.medicaments.gouv.fr/affichageDoc.php?specid=61168571&typedoc=R,TEST,1444
QUININE,,,1445
QUININE-UREE,,,1446
QUINISOCAINE,,,1447
RABEPRAZOLE,,,1448
RACECADOTRIL,,,1449
RADIUM 223 DICHLORURE,,,1450
RAISIN PEPIN EXTRAIT PURIFIE,,,1451
RALOXIFENE,,,1452
RALTEGRAVIR,,,1453
RALTITREXED,,,1454
RAMIPRIL,http://base-donnees-publique.medicaments.gouv.fr/affichageDoc.php?specid=60049895&typedoc=R,TEST,1455
RAMUCIRUMAB,,,1456
RANIBIZUMAB,,,1457
RANITIDINE,,,1458
RASAGILINE,,,1459
RASBURICASE,http://base-donnees-publique.medicaments.gouv.fr/extrait.php?specid=69211156,TEST,1460
REGADENOSON,,,1461
REGORAFENIB,,,1462
REINE DES PRES SOMMITE FLEURIE,,,1463
REMIFENTANIL,,,1464
REPAGLINIDE,http://base-donnees-publique.medicaments.gouv.fr/affichageDoc.php?specid=66638135&typedoc=R,TEST,1465
RESERPINE,,,1466
RESLIZUMAB,http://base-donnees-publique.medicaments.gouv.fr/extrait.php?specid=68986222,TEST,1467
RESORCINE,,,1468
RETINOL,,,1469
RHENIUM-186,,,1470
RHUBARBE,,,1471
RIBAVIRINE,,,1472
RIBOCICLIB,,,1473
RIBOFLAVINE,,,1474
RIFABUTINE,http://base-donnees-publique.medicaments.gouv.fr/affichageDoc.php?specid=67699269&typedoc=R,,1475
RIFAMPICINE,http://base-donnees-publique.medicaments.gouv.fr/affichageDoc.php?specid=67876901&typedoc=R,,1476
RIFAMYCINE,,,1477
RILMENIDINE,,,1478
RILPIVIRINE,,,1479
RILUZOLE,,,1480
RIOCIGUAT,,,1481
RISEDRONATE,,,1482
RISPERIDONE,,,1483
RITONAVIR,,,1484
RITUXIMAB,,,1485
RIVAROXABAN,,,1486
RIVASTIGMINE,,,1487
RIZATRIPTAN,,,1488
ROCURONIUM ,,,1489
ROMARIN,,,1490
ROMARIN ESSENCE,,,1491
ROMARIN EXTRAIT,,,1492
ROMARIN FEUILLE,,,1493
ROMIPLOSTIM,,,1494
ROPINIROLE,,,1495
ROPIVACAINE,,,1496
ROSUVASTATINE,,,1497
ROTIGOTINE,,,1498
ROXITHROMYCINE,,,1499
RUFINAMIDE,http://base-donnees-publique.medicaments.gouv.fr/extrait.php?specid=67454800,TEST,1500
RUPATADINE,,,1501
RURIOCTOCOG ALFA PEGOL,,,1502
RUTOSIDE,,,1503
RUXOLITINIB,,,1504
SACCHAROMYCES BOULARDII,,,1505
SACCHAROMYCES CEREVISIAE,,,1506
SACUBITRIL,http://base-donnees-publique.medicaments.gouv.fr/extrait.php?specid=65122144#,TEST,1507
SAFINAMIDE,,,1508
SALBUTAMOL,http://base-donnees-publique.medicaments.gouv.fr/affichageDoc.php?specid=64720167&typedoc=R,TEST,1509
SALICAIRE EXTRAIT FLUIDE HYDROALCOOLIQUE,,,1510
SALICYLATE D'AMYLE,,,1511
SALICYLATE DE METHYLE,,,1512
SALICYLATE DE SODIUM,,,1513
SALMETEROL,http://base-donnees-publique.medicaments.gouv.fr/affichageDoc.php?specid=67274478&typedoc=R,TEST,1514
SALMONELLA TYPHI POLYOSIDE VI SOUCHE TY2,,,1515
SAMARIUM,,,1516
SAPROPTERINE,,,1517
SAQUINAVIR,,,1518
SARILUMAB,,,1519
SAXAGLIPTINE,http://base-donnees-publique.medicaments.gouv.fr/extrait.php?specid=66862731,TEST,1520
SCOPOLAMINE ,,,1521
SEBELIPASE ALFA,,,1522
SECNIDAZOLE,,,1523
SECUKINUMAB,,,1524
SELEGILINE,,,1525
SELENIUM,,,1526
SELEXIPAG,,,1527
SEMAGLUTIDE,,,1528
SENE DE TINNEVELLY FRUIT,,,1529
SENE EXTRAIT,,,1530
SENE EXTRAIT SEC,,,1531
SENE FEUILLE,,,1532
SENE FEUILLE EXTRAIT,,,1533
SENE FEUILLE EXTRAIT SEC,,,1534
SENE FOLIOLE,,,1535
SENNOSIDES,,,1536
SERENOA REPENS FRUIT EXTRAIT,,,1537
SERPOLET,,,1538
SERTACONAZOLE,,,1539
SERTRALINE,,,1540
SEVELAMER,,,1541
SEVOFLURANE,,,1542
SILDENAFIL,,,1543
SILICE COLLOIDALE HYDRATEE,,,1544
SILODOSINE,,,1545
SILTUXIMAB,,,1546
SILYMARINE,,,1547
SIMEPREVIR,,,1548
SIMETICONE,,,1549
SIMOCTOCOG ALFA,,,1550
SIMVASTATINE,,,1551
SIROLIMUS,,,1552
SITAGLIPTINE,http://base-donnees-publique.medicaments.gouv.fr/extrait.php?specid=64889982,TEST,1553
SODIUM ,,,1554
SODIUM ACETATE TRIHYDRATE,,,1555
SODIUM AMIDOTRIZOATE,,,1556
SODIUM BENZOATE,,,1557
SODIUM BICARBONATE,,,1558
SODIUM BORATE,,,1559
SODIUM CHLORURE,,,1560
SODIUM CITRATE,,,1561
SODIUM FLUORURE (18)F,,,1562
SODIUM GLUCONATE,,,1563
SODIUM HYALURONATE,,,1564
SODIUM HYDRATE,,,1565
SODIUM IODURE 123I,,,1566
SODIUM IODURE 131I,,,1567
SODIUM LACTATE,,,1568
SODIUM LACTATE SOLUTION,,,1569
SODIUM LAURYLSULFATE,,,1570
SODIUM LAURYLSULFOACETATE,,,1571
SODIUM MOLYBDATE,,,1572
SODIUM MONOFLUOROPHOSPHATE,,,1573
SODIUM MONOSULFURE NONAHYDRATE,,,1574
SODIUM PHYTATE ANHYDRE,,,1575
SODIUM PICOSULFATE,,,1576
SODIUM PROPIONATE,,,1577
SODIUM PYROPHOSPHATE,,,1578
SODIUM PYROPHOSPHATE DECAHYFRATE,,,1579
SODIUM SULFATE,,,1580
SODIUM SULFATE ANHYDRE,,,1581
SODIUM SULFOSILICOALUMINATE,,,1582
SODIUM TETRADECYL SULFATE,,,1583
SODIUM THIOSULFATE,,,1584
SOFOSBUVIR,,,1585
SOIDUM BORATE,,,1586
SOJA HUILE,,,1587
SOLIFENACINE,,,1588
SOMATORELINE,,,1589
SOMATOSTATINE,,,1590
SOMATROPINE,,,1591
SONIDEGIB,,,1592
SORAFENIB,,,1593
SORBITOL,,,1594
SOTALOL,,,1595
SOUCI DES JARDINS SOMMITE FLEURIE,,,1596
SOUFRE,,,1597
SOUFRE HEXAFLUORURE,,,1598
SPIRAMYCINE,,,1599
SPIRONOLACTONE,http://base-donnees-publique.medicaments.gouv.fr/affichageDoc.php?specid=63145849&typedoc=R,TEST,1600
STERCULIA GOMME,,,1601
STIRIPENTOL,http://base-donnees-publique.medicaments.gouv.fr/extrait.php?specid=64809018,TEST,1602
STREPTOMYCINE,http://base-donnees-publique.medicaments.gouv.fr/affichageDoc.php?specid=69239390&typedoc=R,,1603
STREPTOZOCINE,,,1604
SUCCIMER,,,1605
SUCCINIMIDE,,,1606
SUCRALFATE,,,1607
SUFENTANIL,,,1608
SUGAMMADEX,,,1609
SULBACTAM,,,1610
SULBUTIAMINE,,,1611
SULFADIAZINE,,,1612
SULFAMETHIZOL,,,1613
SULFAMETHOXAZOLE,http://base-donnees-publique.medicaments.gouv.fr/affichageDoc.php?specid=64121235&typedoc=R,TEST,1614
SULFASALAZINE,http://base-donnees-publique.medicaments.gouv.fr/affichageDoc.php?specid=67124724&typedoc=R,TEST,1615
SULFATE DE SODIUM,,,1616
SULFOGAIACOL,,,1617
SULFURE DE SELENIUM,,,1618
SULINDAC,,,1619
SULPIRIDE,,,1620
SULPROSTONE,,,1621
SUMATRIPTAN,,,1622
SUNITINIB,,,1623
SUSOCTOCOG ALFA,,,1624
SUXAMETHONIUM,,,1625
TACALCITOL,,,1626
TACROLIMUS,,,1627
TADALAFIL,,,1628
TALAZOPARIB,,,1629
TALC,,,1630
TAMOXIFENE,,,1631
TAMSULOSINE,,,1632
TAPENTADOL,,,1633
TASONERMINE,,,1634
TAZAROTENE,,,1635
TAZOBACTAM,,,1636
TEDIZOLID,,,1637
TEDUGLUTIDE,,,1638
TEICOPLANINE,,,1639
TELAPREVIR,,,1640
TELITHROMYCINE,,,1641
TELMISARTAN,http://base-donnees-publique.medicaments.gouv.fr/affichageDoc.php?specid=66669675&typedoc=R,TEST,1642
TEMOCILLINE,,,1643
TEMOZOLOMIDE,,,1644
TEMSIROLIMUS,,,1645
TENECTEPLASE,,,1646
TENOFOVIR ALAFENAMIDE,,,1647
TENOFOVIR DISOPROXIL,,,1648
TENOXICAM,,,1649
TERAZOSINE,,,1650
TERBINAFINE,,,1651
TERBUTALINE,http://base-donnees-publique.medicaments.gouv.fr/affichageDoc.php?specid=68242177&typedoc=R,TEST,1652
TEREBENTHINE,,,1653
TERIFLUNOMIDE,http://base-donnees-publique.medicaments.gouv.fr/extrait.php?specid=62160702,TEST,1654
TERIPARATIDE,,,1655
TERLIPRESSINE,,,1656
TERPINE,,,1657
TERTATOLOL,,,1658
TESTOSTERONE,,,1659
TETRABENAZINE,,,1660
TETRACAINE,,,1661
TETRACOSACTIDE,,,1662
TETRACYLCINE,,,1663
TETRAKIS CUIVRE TETRAFLUOROBORATE,,,1664
TETRAZEPAM,,,1665
TETROFOSMINE,,,1666
THALIDOMIDE,https://ec.europa.eu/health/documents/community-register/2019/20190731145364/anx_145364_fr.pdf,TEST,1667
THALLIUM-201TL,,,1668
THEOPHYLLINE,http://base-donnees-publique.medicaments.gouv.fr/affichageDoc.php?specid=61451441&typedoc=R,TEST,1669
THIAMAZOL,,,1670
THIAMINE ,,,1671
THIAMPHENICOL,,,1672
THIOCOLCHICOSIDE,,,1673
THIOPENTAL,,,1674
THIOTEPA,,,1675
THROMBINE HUMAINE,,,1676
THUYA,,,1677
THYM,,,1678
THYM ESSENCE,,,1679
THYMOL,,,1680
THYROTROPINE ALFA,,,1681
TIAGABINE,http://base-donnees-publique.medicaments.gouv.fr/affichageDoc.php?specid=60058517&typedoc=R,TEST,1682
TIANEPTINE,,,1683
TIAPRIDE,,,1684
TIBOLONE,,,1685
TICAGRELOR,,,1686
TICARCILLINE,,,1687
TICLOPIDINE,,,1688
TIEMONIUM,,,1689
TIGECYCLINE,,,1690
TILBROQUINOL,,,1691
TILIQUINOL,,,1692
TILIQUINOL LAURYLSULFATE,,,1693
TILLEUL ECORCE EXTRAIT SEC,,,1694
TILMANOCEPT,,,1695
TIMOLOL,,,1696
TINODAZOLE,,,1697
TINZAPARINE,,,1698
TIOCONAZOLE,,,1699
TIOGUANINE,http://base-donnees-publique.medicaments.gouv.fr/affichageDoc.php?specid=66827036&typedoc=R,TEST,1700
TIOPRONINE,,,1701
TIOTROPIUM,http://base-donnees-publique.medicaments.gouv.fr/affichageDoc.php?specid=60363967&typedoc=R,TEST,1702
TIPIRACIL,,,1703
TIPRANAVIR,,,1704
TIRATRICOL,,,1705
TIROFIBAN,,,1706
TISAGENLECLEUCEL,,,1707
TITANE DIOXYDE,,,1708
TITANE OXYDE,,,1709
TIXOCORTOL,,,1710
TIXOCORTOL PIVALATE,,,1711
TOBRAMYCINE,,,1712
TOCILIZUMAB,,,1713
TOCOFERSOLAN,,,1714
TOFACITINIB,,,1715
TOLCAPONE,,,1716
TOLTERODINE,,,1717
TOLVAPTAN,,,1718
TOPIRAMATE,http://base-donnees-publique.medicaments.gouv.fr/affichageDoc.php?specid=61913385&typedoc=R,TEST,1719
TOPOTECANE,,,1720
TOREMIFENE,,,1721
TOXINE BOTULIQUE TYPE A,,,1722
TOXINE BOTULIQUE TYPE B,,,1723
TRABECTEDINE,,,1724
TRAMADOL,,,1725
TRAMETINIB,,,1726
TRANDOLAPRIL,http://base-donnees-publique.medicaments.gouv.fr/affichageDoc.php?specid=62213717&typedoc=R,TEST,1727
TRASTUZUMAB,,,1728
TRAVOPROST,,,1729
TREPROSTINIL,,,1730
TRETINOINE,,,1731
TRIAMCINOLONE,http://base-donnees-publique.medicaments.gouv.fr/affichageDoc.php?specid=65061047&typedoc=R,TEST,1732
TRIAMTERENE,,,1733
TRICLABENDAZOLE,,,1734
TRICLOCARBAN,,,1735
TRIENTINE,,,1736
TRIFLURIDINE,,,1737
TRIGLYCERIDES A CHAINE MOYENNE,,,1738
TRIGYCERIDES D ACIDES OMEGA 3 ,,,1739
TRIHEXYPHENIDYLE,,,1740
TRIMEBUTINE,,,1741
TRIMETAZIDINE,,,1742
TRIMETHOPRIME,,,1743
TRIMETHYLPHLOROGLUCINOL,,,1744
TRIMIPRAMINE,,,1745
TRINITRINE,http://base-donnees-publique.medicaments.gouv.fr/affichageDoc.php?specid=61444436&typedoc=R,TEST,1746
TRIPHOSADENINE,,,1747
TRIPROLIDINE,,,1748
TRIPTORELINE,,,1749
TROLAMINE,,,1750
TROMETAMOL,,,1751
TROPATEPINE,,,1752
TROPICAMIDE,,,1753
TROSPIUM,,,1754
TROXERUTINE,,,1755
TUAMINOHEPTANE,,,1756
TUBERCULINE,,,1757
TUROCTOCOG ALFA,,,1758
ULIPRISTAL,,,1759
UMECLIDINIUM,,,1760
URAPIDIL,,,1761
UREE,,,1762
UREE (13)C,,,1763
URIDINE TRIPHOSPHATE,,,1764
UROFOLLITROPHINE,,,1765
UROKINASE,,,1766
USTEKINUMAB,https://ec.europa.eu/health/documents/community-register/2019/20190916145811/anx_145811_fr.pdf,TEST,1767
VALACICLOVIR,,,1768
VALERIANE EXTRAIT SEC,,,1769
VALERIANE EXTRAIT SEC HYDROALCOOLIQUE,,,1770
VALERIANE RACINE,,,1771
VALERIANE RACINE EXTRAIT SEC HYDROALCOOLIQUE,,,1772
VALGANCICLOVIR,,,1773
VALPROATE DE SODIUM,http://base-donnees-publique.medicaments.gouv.fr/affichageDoc.php?specid=61358994&typedoc=R,TEST,1774
VALPROATE SEMISODIQUE,,,1775
VALPROMIDE,,,1776
VALSARTAN,http://base-donnees-publique.medicaments.gouv.fr/affichageDoc.php?specid=68598472&typedoc=R,TEST,1777
VANCOMYCINE,,,1778
VANDETANIB,,,1779
VARDENAFIL,,,1780
VARENICLINE,,,1781
VASELINE,,,1782
VEDOLIZUMAB,https://ec.europa.eu/health/documents/community-register/2019/20190220143602/anx_143602_fr.pdf,TEST,1783
VELAGLUCERASE ALFA,,,1784
VELMANASE ALFA,,,1785
VELPATASVIR,,,1786
VEMURAFENIB,,,1787
VENETOCLAX,,,1788
VENLAFAXINE,,,1789
VERAPAMIL,http://base-donnees-publique.medicaments.gouv.fr/affichageDoc.php?specid=65436472&typedoc=R,TEST,1790
VERATROL,,,1791
VERT D'INFRACYANINE,,,1792
VERTEPORFINE,,,1793
VIGABATRINE,http://base-donnees-publique.medicaments.gouv.fr/affichageDoc.php?specid=61139833&typedoc=R,TEST,1794
VIGNE ROUGE FEUILLE EXTRAIT SEC AQUEUX,,,1795
VILANTEROL,,,1796
VILDAGLIPTINE,http://base-donnees-publique.medicaments.gouv.fr/extrait.php?specid=67520378,TEST,1797
VINBLASTINE,,,1798
VINBURNINE,,,1799
VINCRISTINE,,,1800
VINDESINE,,,1801
VINFLUNINE,,,1802
VINORELBINE,,,1803
VIRUS AMARIL VIVANT ATTENUE SOUCHE 17D-204,,,1804
VIRUS DE L HEPATITE A INACTIVE,,,1805
VIRUS DE L'ENCEPHALITE A TIQUES SOUCHE NEUDOERFL INACTIVE,,,1806
VIRUS DE L'ENCEPHALITE JAPONAISE INACTIVE ,,,1807
VIRUS DE L'HEPATITE A INACTIVE,,,1808
"VIRUS GRIPPAL INACTIVÃ‰, FRAGMENTÃ‰",,,1809
VIRUS RABIQUE INACTIVE SOUCHE WISTAR RABIES PM/WI 38-1503-3 M,,,1810
VIRUS VIVANTS ATTENUES DE LA VARICELLE SOUCHE OKA,,,1811
VISMODEGIB,,,1812
VONICOG ALFA,,,1813
VORETIGENE NEPARVOVEC,,,1814
VORICONAZOLE,,,1815
VORTIOXETINE,,,1816
VOXILAPREVIR,,,1817
WARFARINE ,,,1818
XENON,,,1819
XYLENE,,,1820
YOHIMBINE,,,1821
YTTRIUM-90,,,1822
ZICONOTIDE,,,1823
ZIDOVUDINE,,,1824
ZINC,,,1825
ZINC OXYDE,,,1826
ZINC PEROXYDE,,,1827
ZINC SULFATE,,,1828
ZINC UNDECYLENATE,,,1829
ZOFENOPRIL,http://base-donnees-publique.medicaments.gouv.fr/affichageDoc.php?specid=67049435&typedoc=R,TEST,1830
ZOLMITRIPTAN,,,1831
ZOLPIDEM,,,1832
ZONISAMIDE,http://base-donnees-publique.medicaments.gouv.fr/extrait.php?specid=64122807,TEST,1833
ZOPICLONE,,,1834
ZUCLOPENTHIXOL,,,1835
ZUCLOPENTHIXOL DECANOATE,,,1836
